cliente_id,nombre,edad,provincia,segmento,antiguedad_años,balance_ars,cant_productos,cliente_activo,churn
C0001,Guadalupe Luna,49,Buenos Aires,Premium,20.1,2055200.0,6,True,0
C0002,Lucas Moreno,23,Buenos Aires,Joven,0.4,20300.0,3,False,1
C0003,Matías Peralta,42,Córdoba,Retail,3.4,55100.0,1,False,1
C0004,Isabella Ledesma,58,CABA,Retail,2.4,115200.0,3,True,0
C0005,Diego Rojas,20,Entre Ríos,Joven,1.8,32100.0,2,False,1
C0006,Franco Núñez,43,Buenos Aires,Premium,1.1,1525600.0,6,True,0
C0007,Matías Flores,50,Córdoba,PyME,3.9,562200.0,4,True,0
C0008,Carolina Vega,43,Mendoza,Premium,7.7,2962300.0,3,True,0
C0009,Gonzalo Acosta,64,Santa Fe,Premium,5.2,1881900.0,3,True,0
C0010,Lucía Rodríguez,24,Tucumán,Joven,0.1,50300.0,2,True,0
C0011,Lautaro Sánchez,53,Buenos Aires,PyME,2.7,822600.0,3,True,0
C0012,Joaquín Álvarez,26,Buenos Aires,Joven,1.6,27500.0,3,False,1
C0013,Carolina Ojeda,60,CABA,Premium,0.1,501700.0,6,True,0
C0014,Marcos Medina,42,Mendoza,PyME,4.9,241200.0,4,True,0
C0015,Thiago Moreno,65,CABA,Premium,22.0,3229000.0,3,False,0
C0016,Federico Quiroga,23,Córdoba,Joven,1.5,74200.0,1,False,1
C0017,Alejandro Fernández,36,CABA,PyME,1.4,2484500.0,6,True,0
C0018,Mía Rodríguez,52,Buenos Aires,Retail,1.1,269500.0,3,True,0
C0019,Antonella Molina,51,CABA,Retail,3.3,307600.0,2,True,0
C0020,Joaquín Aguirre,45,CABA,PyME,0.5,284200.0,3,True,0
C0021,Delfina López,54,CABA,Retail,2.5,321700.0,2,True,0
C0022,Isabella Benítez,56,Buenos Aires,PyME,8.0,129200.0,6,True,0
C0023,Catalina Moreno,24,CABA,Joven,3.5,52600.0,1,False,1
C0024,Antonella Torres,52,Buenos Aires,Retail,2.5,80300.0,3,False,1
C0025,Victoria Romero,64,Buenos Aires,Premium,0.8,1697400.0,4,True,0
C0026,Santiago Martínez,53,Entre Ríos,Retail,3.2,173900.0,1,True,0
C0027,Marcos Ledesma,40,CABA,PyME,4.6,2801500.0,2,True,0
C0028,Federico Herrera,33,CABA,PyME,1.4,1554600.0,2,True,0
C0029,Olivia Ríos,27,Santa Fe,Retail,5.4,1190900.0,1,True,0
C0030,Sebastián Pérez,38,Buenos Aires,Retail,1.4,181300.0,2,False,0
C0031,Catalina Castro,45,CABA,Retail,9.7,337400.0,1,True,0
C0032,Rocío Peralta,41,Santa Fe,Retail,1.1,567500.0,4,False,1
C0033,Valentina Acosta,53,Tucumán,Retail,2.1,155300.0,1,True,0
C0034,Bruno Ojeda,60,Buenos Aires,Premium,13.4,899700.0,3,False,0
C0035,Ramiro Juárez,46,Entre Ríos,Retail,5.3,250500.0,3,False,1
C0036,Sebastián Sosa,51,Buenos Aires,Retail,3.4,16600.0,1,True,0
C0037,Carolina González,38,Mendoza,Retail,6.9,111400.0,1,False,0
C0038,Emilia Castro,46,Tucumán,Premium,16.7,1087000.0,6,True,0
C0039,Franco González,36,CABA,Retail,1.0,128400.0,1,False,1
C0040,Agustín López,56,Santa Fe,Retail,0.2,90100.0,3,True,0
C0041,Diego Benítez,40,Santa Fe,PyME,4.4,1530900.0,2,True,0
C0042,Florencia Núñez,51,CABA,Retail,5.9,113700.0,2,True,0
C0043,Pilar Moreno,44,Santa Fe,PyME,4.8,61000.0,6,True,0
C0044,Constanza Ledesma,21,Córdoba,Joven,1.2,57700.0,3,True,0
C0045,Santiago Díaz,31,Mendoza,Retail,9.2,117300.0,4,True,0
C0046,Paulina González,21,Santa Fe,Joven,1.3,39200.0,2,False,1
C0047,Guadalupe Benítez,38,CABA,Retail,8.5,377300.0,3,True,0
C0048,Bautista Núñez,46,CABA,Retail,4.8,270800.0,3,True,0
C0049,Pilar Ledesma,23,CABA,Joven,0.3,16800.0,2,False,1
C0050,Pilar Sánchez,47,Buenos Aires,Retail,3.2,892400.0,3,True,0
C0051,Mercedes Bianchi,47,Buenos Aires,Retail,1.2,177700.0,4,True,0
C0052,Bautista Ortiz,26,Buenos Aires,Joven,0.1,75400.0,1,True,0
C0053,Facundo Rojas,46,CABA,Premium,5.0,3481500.0,6,True,0
C0054,Emma Juárez,44,CABA,Retail,4.1,62300.0,2,True,0
C0055,Máximo Sánchez,53,CABA,Retail,0.7,134900.0,3,True,0
C0056,Emma Medina,57,CABA,Retail,0.1,267200.0,4,True,0
C0057,Catalina López,47,Entre Ríos,Retail,7.6,742600.0,3,True,0
C0058,Federico Herrera,43,CABA,Premium,16.7,1865000.0,6,True,0
C0059,Diego Silva,25,CABA,Joven,0.8,27600.0,2,False,1
C0060,Delfina Ruiz,54,Entre Ríos,Premium,6.2,871200.0,3,True,0
C0061,Emilia Aguirre,46,Buenos Aires,PyME,4.8,960800.0,3,True,0
C0062,Thiago Sánchez,53,Buenos Aires,Premium,12.8,1968800.0,6,False,0
C0063,Malena Aguirre,39,Buenos Aires,PyME,0.9,829300.0,2,True,0
C0064,Sofía Ríos,58,CABA,Retail,9.6,63000.0,2,True,0
C0065,Agustín Ríos,20,Buenos Aires,Joven,2.0,145000.0,2,False,1
C0066,Federico Ojeda,49,CABA,Retail,2.8,176200.0,3,True,0
C0067,Florencia Aguirre,45,Buenos Aires,PyME,5.6,1321900.0,2,True,0
C0068,Mía Rodríguez,50,Entre Ríos,Premium,9.4,5488800.0,6,False,1
C0069,Florencia Rojas,42,Buenos Aires,Retail,2.4,187900.0,4,True,0
C0070,Emilia Rojas,51,Córdoba,PyME,16.0,1422000.0,5,False,1
C0071,Diego Aguirre,48,Entre Ríos,Premium,12.6,443000.0,3,False,0
C0072,Bruno Molina,60,Córdoba,Premium,0.1,1135600.0,5,True,0
C0073,Delfina Sosa,28,Buenos Aires,Retail,10.0,613500.0,4,True,0
C0074,Lucas Cabrera,32,Tucumán,Retail,2.7,187300.0,4,False,1
C0075,Valentina López,57,Córdoba,Retail,4.0,256800.0,2,True,0
C0076,Constanza Moreno,22,Buenos Aires,Joven,0.9,16700.0,3,False,0
C0077,Federico Herrera,34,Santa Fe,Retail,1.0,114700.0,4,True,0
C0078,Carolina Núñez,49,Buenos Aires,Retail,0.2,481800.0,4,True,0
C0079,Catalina Núñez,38,Santa Fe,PyME,0.1,671400.0,5,True,0
C0080,Marcos Herrera,40,Córdoba,PyME,2.7,583100.0,4,True,0
C0081,Gonzalo Quiroga,36,Córdoba,PyME,2.9,57000.0,4,True,0
C0082,Mía Ledesma,56,Santa Fe,Retail,1.6,255600.0,3,True,0
C0083,Agustín Martínez,33,Buenos Aires,PyME,0.6,290300.0,5,True,0
C0084,Tomás Torres,42,CABA,Premium,9.5,719300.0,4,True,0
C0085,Alejandro Rojas,45,Córdoba,PyME,16.0,680400.0,2,True,0
C0086,Constanza Ferrari,21,CABA,Joven,1.7,79600.0,2,True,0
C0087,Federico Ojeda,51,CABA,Retail,2.5,37900.0,4,True,0
C0088,Ramiro Moreno,54,Buenos Aires,Retail,12.8,694800.0,2,True,0
C0089,Florencia Benítez,46,Santa Fe,PyME,2.0,7124700.0,6,False,1
C0090,Santiago Moreno,44,Santa Fe,Retail,13.3,80200.0,3,True,0
C0091,Máximo Acosta,44,Buenos Aires,PyME,0.7,324700.0,4,True,0
C0092,Facundo Ríos,38,CABA,Retail,2.0,52200.0,1,True,0
C0093,Delfina Peralta,47,Buenos Aires,Retail,0.6,116200.0,4,True,0
C0094,Benjamín Ruiz,51,CABA,Retail,1.6,112600.0,3,True,0
C0095,Ignacio Luna,42,Santa Fe,Premium,22.0,265900.0,4,False,1
C0096,Isabella Ortiz,46,Córdoba,Retail,3.5,117700.0,2,True,0
C0097,Rocío Ramírez,51,Entre Ríos,Retail,2.0,126200.0,3,False,1
C0098,Valentina Bianchi,24,Mendoza,Joven,0.4,121000.0,2,True,0
C0099,Olivia Medina,59,Buenos Aires,Retail,10.9,277500.0,3,False,0
C0100,Tomás González,41,Mendoza,PyME,1.1,283600.0,6,True,0
C0101,Santiago Ferrari,47,CABA,Retail,12.1,23300.0,3,True,0
C0102,Emma Herrera,46,Santa Fe,Premium,1.0,1777500.0,6,True,0
C0103,Rodrigo Medina,23,CABA,Joven,1.9,16400.0,1,False,0
C0104,Victoria Fernández,58,Entre Ríos,Premium,5.0,9439200.0,3,False,0
C0105,Thiago Sosa,36,CABA,PyME,13.4,554700.0,5,False,0
C0106,Matías Moreno,26,Santa Fe,Joven,0.7,25000.0,1,True,0
C0107,Lucía López,49,CABA,Premium,4.1,484900.0,4,True,0
C0108,Camila Ríos,54,CABA,Retail,3.8,519700.0,3,True,0
C0109,Sebastián Ríos,20,CABA,Joven,0.4,10000.0,1,True,0
C0110,Mercedes Rojas,24,Tucumán,Joven,1.2,35200.0,2,False,1
C0111,Victoria Romero,44,Tucumán,Retail,5.1,239300.0,2,True,0
C0112,Máximo Ortiz,50,Buenos Aires,Retail,0.9,161800.0,4,True,0
C0113,Catalina Gómez,55,Santa Fe,PyME,0.8,132900.0,2,False,1
C0114,Alejandro Peralta,23,CABA,Joven,1.5,19500.0,3,True,0
C0115,Julieta Vega,32,CABA,PyME,5.4,1453100.0,4,True,0
C0116,Gonzalo Flores,23,Córdoba,Joven,5.0,386800.0,2,True,0
C0117,Nicolás Villalba,50,Córdoba,Retail,0.3,513700.0,4,True,0
C0118,Benjamín Herrera,45,Córdoba,Retail,10.5,284300.0,3,True,0
C0119,Marcos Ojeda,43,Santa Fe,Retail,13.4,132600.0,1,False,0
C0120,Tomás Peralta,24,CABA,Joven,0.4,112200.0,3,False,1
C0121,Constanza Luna,39,Mendoza,Retail,6.9,129200.0,4,True,0
C0122,Rocío Núñez,46,Santa Fe,Retail,8.6,153100.0,2,True,0
C0123,Facundo Bianchi,24,Mendoza,Joven,0.9,109300.0,2,True,0
C0124,Thiago González,53,Mendoza,Retail,3.3,394200.0,2,True,0
C0125,Santiago Vega,55,Córdoba,Premium,6.0,2843300.0,5,False,0
C0126,Benjamín Ramírez,61,Entre Ríos,Premium,2.2,808800.0,3,True,0
C0127,Catalina Molina,21,Buenos Aires,Joven,1.1,4300.0,1,True,0
C0128,Benjamín Sánchez,42,Tucumán,PyME,2.1,139500.0,2,True,0
C0129,Lucía Romero,42,CABA,Retail,0.2,74100.0,4,True,0
C0130,Camila Castro,23,CABA,Joven,1.9,60600.0,1,True,0
C0131,Agustín Luna,30,CABA,Retail,1.0,170800.0,1,True,0
C0132,Rocío Juárez,56,Mendoza,Retail,0.6,195400.0,4,True,0
C0133,Emilia Cabrera,60,Buenos Aires,Premium,2.1,2089900.0,3,False,1
C0134,Matías Cabrera,26,Mendoza,Joven,0.1,35900.0,1,False,1
C0135,Lucas González,48,Buenos Aires,Retail,4.9,420200.0,2,True,0
C0136,Emma Rojas,31,CABA,Retail,5.2,74900.0,1,True,0
C0137,Renata Sosa,20,Buenos Aires,Joven,2.0,41600.0,1,True,0
C0138,Diego Moreno,42,Córdoba,Premium,12.2,1077100.0,6,True,0
C0139,Rodrigo Ramírez,21,Santa Fe,Joven,0.3,19800.0,2,False,1
C0140,Paulina Medina,22,Santa Fe,Joven,1.3,51300.0,2,False,0
C0141,Franco Ojeda,49,Tucumán,Retail,0.7,143500.0,2,True,0
C0142,Franco Ruiz,22,Mendoza,Joven,0.3,44500.0,1,False,1
C0143,Pilar Juárez,62,Buenos Aires,Premium,3.0,3403400.0,3,True,0
C0144,Lautaro Díaz,33,Buenos Aires,Retail,5.0,608600.0,3,True,0
C0145,Emilia Juárez,33,Buenos Aires,Retail,0.2,692400.0,1,True,0
C0146,Florencia Ledesma,49,Santa Fe,Premium,5.1,922000.0,4,True,0
C0147,Tomás Rodríguez,56,CABA,Retail,1.1,138200.0,4,False,1
C0148,Bautista Molina,47,CABA,Premium,2.0,1216600.0,4,True,1
C0149,Carolina Díaz,24,CABA,Joven,1.5,30600.0,1,True,0
C0150,Lautaro Bianchi,51,Santa Fe,Retail,14.0,205400.0,2,True,0
C0151,Pilar Quiroga,27,Buenos Aires,Retail,7.8,141100.0,4,False,1
C0152,Máximo Acosta,39,Buenos Aires,PyME,0.7,624400.0,4,True,0
C0153,Sofía Benítez,42,Buenos Aires,PyME,3.6,1225400.0,2,True,0
C0154,Guadalupe Sánchez,21,Córdoba,Joven,3.0,33000.0,1,True,0
C0155,Paulina Sosa,35,Buenos Aires,Retail,0.9,48800.0,3,True,0
C0156,Bruno Cabrera,42,Entre Ríos,Retail,1.6,141400.0,2,True,0
C0157,Bautista Sosa,37,Buenos Aires,Retail,1.0,438600.0,4,False,0
C0158,Bautista González,23,CABA,Joven,0.4,45900.0,1,False,0
C0159,Santiago Rojas,52,Córdoba,PyME,1.9,709700.0,4,True,0
C0160,Constanza Ledesma,41,Buenos Aires,Premium,12.8,2526800.0,5,True,0
C0161,Pilar Flores,65,Tucumán,Premium,22.0,2114600.0,4,True,0
C0162,Antonella Moreno,23,Mendoza,Joven,0.4,86400.0,3,True,0
C0163,Catalina Vega,46,CABA,Retail,9.2,140000.0,4,True,0
C0164,Diego Ríos,23,Córdoba,Joven,0.2,103000.0,1,True,0
C0165,Bruno Peralta,22,Buenos Aires,Joven,0.7,86800.0,1,True,0
C0166,Emilia Núñez,55,CABA,Premium,7.8,4183400.0,6,True,0
C0167,Bruno Bianchi,22,Mendoza,Joven,0.1,119600.0,3,True,1
C0168,Joaquín Álvarez,23,Santa Fe,Joven,1.6,180000.0,1,True,0
C0169,Tomás Gómez,50,Buenos Aires,Retail,2.2,303300.0,1,True,0
C0170,Rodrigo Martínez,57,CABA,Retail,0.2,210200.0,2,True,1
C0171,Sofía Díaz,49,Córdoba,Retail,2.5,70100.0,3,True,0
C0172,Santiago Álvarez,58,Buenos Aires,Retail,0.3,196100.0,4,False,1
C0173,Lucas Romero,41,CABA,Retail,14.0,560100.0,4,True,0
C0174,Mía Sánchez,45,Buenos Aires,Retail,0.2,571900.0,2,False,1
C0175,Antonella Quiroga,41,Buenos Aires,Retail,3.2,68700.0,1,True,0
C0176,Martina Sánchez,43,Entre Ríos,Retail,2.4,221900.0,2,False,1
C0177,Antonella González,31,Buenos Aires,Retail,2.5,226300.0,1,True,0
C0178,Martina Castro,44,Mendoza,PyME,1.4,166400.0,6,True,0
C0179,Benjamín Aguirre,25,Buenos Aires,Joven,4.4,29100.0,1,False,1
C0180,Mateo Ledesma,41,CABA,PyME,11.0,375100.0,2,True,0
C0181,Bautista Romero,29,Córdoba,Joven,1.1,56200.0,1,True,0
C0182,Malena Fernández,44,Mendoza,PyME,1.7,519300.0,6,True,0
C0183,Antonella Rojas,22,Buenos Aires,Joven,0.1,37900.0,2,False,1
C0184,Ignacio Ramírez,42,Buenos Aires,PyME,15.6,66000.0,6,True,0
C0185,Sofía Álvarez,41,Buenos Aires,Retail,1.7,76900.0,3,False,1
C0186,Valentina Martínez,28,Buenos Aires,Retail,4.5,834600.0,4,True,0
C0187,Matías Castro,26,Entre Ríos,Joven,0.5,24000.0,3,False,0
C0188,Florencia Rojas,19,CABA,Joven,1.0,298100.0,2,False,1
C0189,Martina Castro,32,Buenos Aires,PyME,0.1,313700.0,5,True,0
C0190,Valentina González,58,Córdoba,Premium,0.8,3130400.0,5,True,0
C0191,Carolina Cabrera,33,Entre Ríos,Retail,1.3,440400.0,4,True,0
C0192,Bruno Ortiz,39,Tucumán,PyME,3.6,710700.0,6,True,0
C0193,Ramiro Peralta,40,CABA,Retail,2.7,602800.0,2,True,0
C0194,Agustín Herrera,48,CABA,PyME,10.5,158100.0,5,True,0
C0195,Ignacio Torres,60,Córdoba,Premium,0.5,908400.0,6,True,0
C0196,Julieta López,42,Buenos Aires,PyME,0.7,502000.0,5,True,0
C0197,Mercedes Luna,27,Buenos Aires,Joven,0.1,37200.0,2,True,0
C0198,Máximo Herrera,44,CABA,Retail,14.0,416100.0,1,True,0
C0199,Martina Romero,23,Entre Ríos,Joven,0.2,53000.0,1,False,1
C0200,Joaquín Silva,58,Santa Fe,Retail,0.1,62600.0,1,True,0
C0201,Bautista Rodríguez,53,Córdoba,Retail,4.8,80100.0,2,True,0
C0202,Carolina Juárez,31,Buenos Aires,Retail,1.9,118600.0,4,False,1
C0203,Carolina Bianchi,24,Entre Ríos,Joven,2.4,140100.0,2,True,0
C0204,Camila Sánchez,53,Córdoba,Premium,22.0,567800.0,4,True,0
C0205,Ignacio Díaz,27,Buenos Aires,Joven,2.4,47200.0,3,False,1
C0206,Guadalupe Álvarez,45,Córdoba,Retail,7.1,316900.0,4,False,0
C0207,Joaquín Juárez,22,CABA,Joven,0.8,275400.0,2,False,1
C0208,Julieta Ruiz,48,Buenos Aires,Premium,3.6,3858400.0,5,True,0
C0209,Florencia Sánchez,40,Córdoba,Retail,3.2,45800.0,2,True,0
C0210,Rodrigo Juárez,43,Buenos Aires,Premium,13.4,2336200.0,5,True,0
C0211,Ramiro Benítez,44,CABA,PyME,1.9,644900.0,3,True,0
C0212,Mía Ríos,52,Buenos Aires,Retail,3.4,73600.0,1,True,0
C0213,Antonella Fernández,47,Buenos Aires,Retail,2.1,137900.0,2,True,0
C0214,Delfina Ortiz,35,Tucumán,Retail,1.5,196700.0,2,False,1
C0215,Delfina Martínez,24,CABA,Joven,0.4,9000.0,2,True,0
C0216,Gonzalo Villalba,34,Mendoza,Retail,6.3,27500.0,1,True,0
C0217,Paulina Ortiz,56,Buenos Aires,Premium,7.1,1579600.0,5,True,0
C0218,Mercedes Díaz,38,Córdoba,Retail,3.0,96700.0,3,False,1
C0219,Martina Villalba,51,Santa Fe,Premium,19.0,3705900.0,6,True,0
C0220,Carolina Benítez,27,Tucumán,Joven,3.2,80600.0,3,True,0
C0221,Olivia Torres,25,CABA,Joven,2.2,28500.0,1,False,1
C0222,Rodrigo Benítez,43,Santa Fe,Retail,8.7,327700.0,3,False,0
C0223,Bautista Benítez,23,Buenos Aires,Joven,1.9,70000.0,1,True,0
C0224,Ramiro Pérez,40,CABA,Retail,0.5,454400.0,2,False,1
C0225,Marcos Benítez,42,CABA,Retail,0.5,110300.0,3,True,0
C0226,Matías Sosa,35,Buenos Aires,Retail,1.4,116200.0,3,False,1
C0227,Pilar Romero,26,Córdoba,Joven,1.5,97800.0,3,False,1
C0228,Matías Aguirre,38,CABA,Retail,14.0,67000.0,4,True,0
C0229,Franco Juárez,25,Santa Fe,Joven,2.1,36200.0,1,False,1
C0230,Olivia Aguirre,53,CABA,Retail,2.7,30800.0,2,True,0
C0231,Constanza Romero,54,Buenos Aires,Premium,0.6,740900.0,3,True,0
C0232,Emilia Molina,21,Buenos Aires,Joven,1.0,175300.0,2,False,1
C0233,Facundo Flores,29,CABA,Retail,3.0,126300.0,3,False,1
C0234,Benjamín Rodríguez,33,CABA,Retail,3.2,189000.0,3,True,0
C0235,Olivia Sosa,20,Buenos Aires,Joven,2.0,94600.0,1,False,0
C0236,Rodrigo Herrera,39,CABA,Retail,3.8,130100.0,2,True,0
C0237,Diego Núñez,23,Tucumán,Joven,0.1,16600.0,2,True,0
C0238,Martina González,33,CABA,PyME,8.3,652400.0,5,True,0
C0239,Ramiro Quiroga,55,Mendoza,Premium,1.6,2563800.0,5,True,0
C0240,Federico Cabrera,53,CABA,Premium,1.9,2455100.0,5,True,0
C0241,Tomás López,39,CABA,Retail,0.9,307700.0,4,True,0
C0242,Sofía Herrera,59,CABA,Retail,2.2,355700.0,1,False,1
C0243,Diego Benítez,44,Córdoba,Retail,4.7,203200.0,1,True,0
C0244,Máximo Villalba,31,Buenos Aires,Retail,13.0,113900.0,3,False,1
C0245,Sebastián Sosa,24,Buenos Aires,Joven,0.3,266800.0,1,False,1
C0246,Facundo Villalba,24,Santa Fe,Joven,0.1,79400.0,2,False,1
C0247,Julieta Sosa,35,Santa Fe,Retail,11.2,249400.0,4,True,0
C0248,Emma Vega,58,CABA,Retail,1.7,113200.0,1,False,1
C0249,Bautista Díaz,23,Buenos Aires,Joven,1.7,22000.0,1,False,1
C0250,Matías Núñez,61,Santa Fe,Retail,4.1,137200.0,4,False,0
C0251,Carolina Ortiz,38,Mendoza,Retail,4.2,73200.0,3,True,0
C0252,Valentina Juárez,49,Buenos Aires,Premium,8.0,438000.0,6,True,0
C0253,Diego Villalba,50,Mendoza,Retail,1.5,48500.0,3,True,0
C0254,Santiago Aguirre,32,Córdoba,Retail,1.4,62100.0,1,True,0
C0255,Lautaro Sosa,53,CABA,Retail,7.5,90700.0,2,False,1
C0256,Franco Gómez,45,Buenos Aires,PyME,14.7,119600.0,6,True,0
C0257,Pilar Ledesma,50,CABA,Retail,1.9,94700.0,2,True,0
C0258,Martina Molina,22,CABA,Joven,3.1,130700.0,2,False,1
C0259,Julieta Juárez,22,Córdoba,Joven,0.5,47200.0,2,False,1
C0260,Victoria Villalba,25,CABA,Joven,0.2,100300.0,3,False,1
C0261,Sofía Medina,51,Buenos Aires,Retail,13.2,293300.0,3,True,0
C0262,Lucas Fernández,39,Mendoza,PyME,1.3,310700.0,5,True,0
C0263,Guadalupe Molina,29,Córdoba,Retail,11.0,22100.0,4,True,0
C0264,Emma Quiroga,53,Tucumán,Retail,6.5,1369400.0,2,False,1
C0265,Thiago Benítez,26,Santa Fe,Joven,2.5,27300.0,1,True,0
C0266,Alejandro Fernández,56,Buenos Aires,PyME,3.5,2148200.0,4,True,0
C0267,Nicolás Castro,30,Mendoza,Joven,2.1,73900.0,2,True,0
C0268,Mía González,58,Santa Fe,Premium,4.2,3928300.0,4,True,0
C0269,Valentina Gómez,18,Córdoba,Joven,0.1,28700.0,3,True,0
C0270,Martina Ruiz,36,Buenos Aires,PyME,4.3,1428000.0,2,True,0
C0271,Rocío Cabrera,25,Córdoba,Joven,0.9,29200.0,2,False,1
C0272,Sebastián Flores,44,Buenos Aires,Retail,2.3,156900.0,3,True,0
C0273,Lautaro Sosa,42,CABA,PyME,5.7,537900.0,5,False,1
C0274,Facundo Ledesma,50,Entre Ríos,Retail,5.5,279600.0,2,True,0
C0275,Santiago Núñez,50,Entre Ríos,PyME,5.6,411700.0,4,True,0
C0276,Matías Flores,43,CABA,Retail,0.2,128700.0,2,True,0
C0277,Delfina Villalba,46,Buenos Aires,PyME,4.7,540500.0,4,True,0
C0278,Rocío Ledesma,23,CABA,Joven,1.0,33100.0,2,True,0
C0279,Thiago Moreno,50,CABA,Premium,12.4,1411100.0,5,False,0
C0280,Facundo Romero,19,CABA,Joven,1.0,94700.0,2,True,0
C0281,Mercedes Torres,34,Buenos Aires,PyME,8.2,1387000.0,6,True,0
C0282,Thiago Medina,45,CABA,Retail,0.9,295800.0,1,True,1
C0283,Renata Gómez,48,CABA,Premium,7.1,869200.0,4,True,0
C0284,Camila Álvarez,22,CABA,Joven,0.6,78100.0,2,True,0
C0285,Emilia Fernández,42,CABA,PyME,1.6,151900.0,4,True,0
C0286,Bruno Villalba,53,CABA,Premium,9.8,185800.0,6,True,0
C0287,Joaquín Benítez,52,Entre Ríos,Retail,10.5,893200.0,1,True,0
C0288,Máximo Quiroga,58,Entre Ríos,Premium,6.0,738900.0,6,True,0
C0289,Mercedes Pérez,53,Entre Ríos,Retail,1.3,214000.0,1,True,0
C0290,Guadalupe Moreno,45,Córdoba,PyME,7.6,845200.0,2,True,0
C0291,Florencia Ledesma,24,CABA,Joven,0.8,112400.0,1,True,0
C0292,Mercedes Ríos,19,Santa Fe,Joven,1.0,88700.0,3,False,1
C0293,Catalina Flores,62,Santa Fe,Premium,22.0,693900.0,6,True,0
C0294,Carolina Gómez,42,Mendoza,Premium,0.9,417800.0,3,True,0
C0295,Guadalupe González,21,Buenos Aires,Joven,0.4,39800.0,3,True,0
C0296,Rodrigo Cabrera,50,Mendoza,Retail,2.2,388000.0,1,True,0
C0297,Bautista Sánchez,26,Santa Fe,Joven,0.7,59400.0,1,True,0
C0298,Rocío Torres,19,Entre Ríos,Joven,1.0,24700.0,1,False,1
C0299,Victoria Ríos,41,Entre Ríos,Retail,4.4,885000.0,3,True,0
C0300,Matías Medina,43,Mendoza,Retail,4.0,117300.0,3,True,0
C0301,Bruno Molina,37,Buenos Aires,Retail,0.5,232200.0,4,True,0
C0302,Facundo Luna,21,Córdoba,Joven,0.6,58200.0,1,True,0
C0303,Benjamín Sánchez,39,Buenos Aires,Retail,4.9,61100.0,2,True,0
C0304,Julieta Torres,59,CABA,Premium,3.5,720800.0,6,True,0
C0305,Agustín Torres,45,Córdoba,Retail,2.2,879700.0,3,False,1
C0306,Lucas Ruiz,23,CABA,Joven,1.3,85800.0,2,True,1
C0307,Thiago Ojeda,45,Córdoba,PyME,10.2,552200.0,2,True,0
C0308,Julieta Herrera,34,Tucumán,Retail,1.8,554100.0,3,True,0
C0309,Rodrigo Martínez,35,Córdoba,Retail,1.4,1079700.0,1,False,1
C0310,Sebastián Aguirre,48,CABA,Retail,0.7,198400.0,2,False,0
C0311,Antonella Villalba,58,Buenos Aires,Retail,4.7,328300.0,3,False,0
C0312,Federico Medina,44,Buenos Aires,Retail,3.4,113700.0,4,True,0
C0313,Matías Pérez,42,Córdoba,PyME,0.5,307300.0,5,True,0
C0314,Rocío Rojas,38,Córdoba,PyME,0.8,210700.0,6,True,0
C0315,Renata Benítez,51,Tucumán,Retail,4.7,207000.0,4,True,0
C0316,Alejandro Cabrera,49,Santa Fe,Retail,1.7,128300.0,3,False,0
C0317,Gonzalo Luna,55,CABA,Premium,2.5,4264200.0,3,True,0
C0318,Malena Ortiz,26,Buenos Aires,Joven,1.2,28300.0,3,True,0
C0319,Delfina Torres,43,Córdoba,Retail,4.5,285900.0,1,True,0
C0320,Lautaro Álvarez,42,Córdoba,Retail,3.2,128800.0,1,True,0
C0321,Valentina Acosta,23,Buenos Aires,Joven,0.5,252300.0,3,False,1
C0322,Benjamín Juárez,44,Mendoza,PyME,6.2,226300.0,5,True,0
C0323,Julieta Torres,30,Tucumán,Retail,2.0,271100.0,4,False,1
C0324,Gonzalo Silva,21,Buenos Aires,Joven,0.2,71800.0,1,False,1
C0325,Emilia Rojas,52,Córdoba,Retail,5.6,88000.0,2,True,0
C0326,Carolina Martínez,31,Mendoza,Retail,13.0,117200.0,3,False,1
C0327,Paulina Quiroga,21,Tucumán,Joven,1.2,10800.0,2,False,1
C0328,Mercedes Ojeda,44,Buenos Aires,Retail,0.4,41100.0,4,True,0
C0329,Catalina Torres,20,Buenos Aires,Joven,1.4,108900.0,2,True,0
C0330,Bruno Flores,45,Buenos Aires,Retail,0.8,157900.0,3,True,0
C0331,Joaquín Ledesma,24,CABA,Joven,0.2,60800.0,2,False,1
C0332,Valentina Ríos,24,CABA,Joven,1.6,136800.0,2,True,0
C0333,Benjamín Ríos,50,CABA,Retail,5.2,239100.0,4,False,1
C0334,Bautista Juárez,44,Córdoba,Retail,4.6,255100.0,2,False,1
C0335,Lucas Rodríguez,63,CABA,Retail,1.7,1005800.0,3,True,0
C0336,Julieta Ojeda,23,CABA,Joven,0.1,35100.0,2,True,0
C0337,Sofía Martínez,32,CABA,PyME,10.4,2496300.0,2,True,0
C0338,Máximo Fernández,62,CABA,Retail,1.4,120100.0,2,True,0
C0339,Pilar Vega,52,Santa Fe,Premium,6.6,1389600.0,5,True,0
C0340,Sofía Herrera,49,Santa Fe,PyME,3.2,419700.0,5,True,0
C0341,Benjamín Aguirre,22,Buenos Aires,Joven,2.1,168900.0,1,True,0
C0342,Alejandro Díaz,38,Tucumán,Retail,9.2,84400.0,4,True,0
C0343,Emma Gómez,22,Buenos Aires,Joven,1.8,15800.0,2,True,0
C0344,Carolina Quiroga,53,CABA,Premium,8.8,3442500.0,6,True,0
C0345,Ramiro Núñez,46,CABA,Retail,2.3,327200.0,1,True,0
C0346,Gonzalo Ledesma,50,Buenos Aires,Premium,22.0,7864100.0,4,False,0
C0347,Antonella Cabrera,41,Córdoba,Retail,4.8,140700.0,3,True,0
C0348,Lautaro Torres,42,Mendoza,Premium,2.8,977700.0,4,True,0
C0349,Rocío Flores,36,Santa Fe,Retail,0.8,30700.0,4,True,0
C0350,Bruno Quiroga,54,Santa Fe,Premium,10.4,860200.0,6,True,0
C0351,Renata Flores,28,Entre Ríos,Retail,1.0,346100.0,3,True,0
C0352,Franco Cabrera,41,Córdoba,Retail,10.4,15700.0,1,True,0
C0353,Valentina Ramírez,36,Santa Fe,Retail,2.8,85000.0,2,True,0
C0354,Federico Ledesma,51,Santa Fe,Premium,0.3,2976300.0,6,True,0
C0355,Lucas Luna,24,Buenos Aires,Joven,1.2,17900.0,3,True,0
C0356,Paulina Ortiz,57,Entre Ríos,Retail,3.5,66200.0,1,True,0
C0357,Mateo Ríos,46,CABA,Retail,2.3,771900.0,2,True,0
C0358,Guadalupe Díaz,45,Mendoza,Premium,17.9,1674300.0,6,True,0
C0359,Malena Sánchez,52,Santa Fe,Premium,3.9,1574700.0,3,True,0
C0360,Sofía Moreno,23,Buenos Aires,Joven,0.6,9200.0,3,True,0
C0361,Malena Ramírez,50,CABA,Premium,22.0,3439200.0,4,True,0
C0362,Nicolás Medina,48,Buenos Aires,PyME,4.5,866800.0,3,True,0
C0363,Franco Ferrari,25,Buenos Aires,Joven,0.4,11000.0,3,True,0
C0364,Renata Benítez,27,Santa Fe,Joven,1.2,68300.0,3,True,0
C0365,Sofía Herrera,43,CABA,Premium,3.2,398600.0,3,True,0
C0366,Facundo Ríos,46,Córdoba,Retail,3.6,67400.0,2,True,0
C0367,Lautaro Ríos,59,CABA,Premium,3.0,1990200.0,5,True,0
C0368,Catalina Herrera,50,CABA,Retail,1.7,235200.0,2,True,0
C0369,Isabella Gómez,43,CABA,Retail,4.8,132100.0,2,True,0
C0370,Marcos Ruiz,33,Santa Fe,Retail,3.7,211300.0,1,True,0
C0371,Olivia Ruiz,51,Buenos Aires,Retail,5.7,298400.0,3,True,0
C0372,Ignacio Villalba,59,CABA,Premium,19.1,4608700.0,5,True,0
C0373,Thiago Quiroga,23,CABA,Joven,3.1,126000.0,3,True,0
C0374,Mateo Luna,29,CABA,Retail,3.7,68300.0,3,True,0
C0375,Gonzalo Ojeda,47,CABA,Retail,5.3,393800.0,3,True,0
C0376,Bautista Bianchi,36,CABA,Retail,5.0,310800.0,1,True,0
C0377,Nicolás Moreno,44,CABA,Premium,3.8,3128200.0,3,True,0
C0378,Santiago Silva,28,CABA,Retail,0.6,63400.0,4,True,0
C0379,Emilia Rojas,22,Santa Fe,Joven,2.7,92800.0,2,True,0
C0380,Olivia Rodríguez,41,Buenos Aires,PyME,6.4,2145500.0,5,True,0
C0381,Malena Ramírez,49,Córdoba,Retail,6.9,122400.0,4,True,0
C0382,Ignacio Juárez,46,CABA,PyME,3.7,556600.0,2,True,0
C0383,Marcos Sánchez,45,CABA,Retail,0.5,65300.0,1,False,1
C0384,Malena Juárez,46,Entre Ríos,Premium,12.0,3787300.0,6,True,0
C0385,Renata Rojas,55,Buenos Aires,Retail,7.4,268900.0,3,False,1
C0386,Renata Quiroga,29,Buenos Aires,Retail,0.9,90800.0,3,True,0
C0387,Mía Martínez,25,Córdoba,Joven,0.7,5000.0,1,False,1
C0388,Emma Cabrera,38,Buenos Aires,Retail,3.9,38500.0,3,True,0
C0389,Joaquín Herrera,23,CABA,Joven,1.2,164400.0,1,False,1
C0390,Rocío Pérez,55,Buenos Aires,Retail,6.5,150100.0,3,True,0
C0391,Malena Quiroga,36,CABA,Retail,4.7,22400.0,4,True,0
C0392,Julieta Medina,35,Buenos Aires,PyME,7.5,287800.0,3,True,0
C0393,Julieta Bianchi,25,CABA,Joven,2.9,131700.0,2,False,1
C0394,Gonzalo Ríos,48,CABA,PyME,5.0,314200.0,5,False,0
C0395,Máximo Sosa,40,Mendoza,Retail,1.1,208000.0,3,False,1
C0396,Victoria Vega,30,CABA,Retail,7.8,223200.0,3,True,0
C0397,Máximo Medina,23,Santa Fe,Joven,1.4,59400.0,3,True,0
C0398,Delfina Rodríguez,59,CABA,Premium,11.0,1979600.0,4,True,0
C0399,Constanza Silva,44,Buenos Aires,PyME,0.5,919600.0,3,True,0
C0400,Facundo Flores,43,Buenos Aires,Premium,1.6,7758400.0,5,True,0
C0401,Camila Flores,43,Buenos Aires,PyME,4.6,1344900.0,3,True,0
C0402,Ramiro López,41,Buenos Aires,Retail,0.4,191900.0,4,False,1
C0403,Rodrigo Vega,51,Buenos Aires,Premium,10.0,349000.0,5,True,0
C0404,Sebastián Pérez,50,Buenos Aires,Retail,1.3,206600.0,2,True,0
C0405,Olivia Sosa,47,Mendoza,PyME,3.6,538000.0,4,True,0
C0406,Diego Ojeda,41,Córdoba,Retail,14.0,14500.0,1,True,0
C0407,Matías López,43,Buenos Aires,Premium,1.8,1327000.0,3,False,1
C0408,Valentina Ledesma,40,CABA,Retail,14.0,52900.0,3,True,0
C0409,Ignacio Ferrari,28,Córdoba,Retail,0.5,126000.0,1,True,0
C0410,Olivia López,22,Entre Ríos,Joven,0.4,49600.0,3,False,1
C0411,Benjamín Ortiz,39,Santa Fe,PyME,1.5,399000.0,3,True,0
C0412,Thiago Rojas,25,Mendoza,Joven,1.3,45000.0,1,True,0
C0413,Sebastián Martínez,41,Córdoba,Retail,1.2,14500.0,1,True,0
C0414,Carolina Peralta,23,Buenos Aires,Joven,0.6,7900.0,3,True,0
C0415,Julieta Ríos,51,Buenos Aires,Premium,3.7,1703100.0,3,True,0
C0416,Julieta Aguirre,53,Mendoza,Retail,0.2,196900.0,4,False,1
C0417,Sofía Sánchez,50,Buenos Aires,Retail,0.9,250100.0,2,True,0
C0418,Olivia Ledesma,39,Buenos Aires,PyME,1.9,704500.0,3,True,0
C0419,Bautista Bianchi,30,Buenos Aires,Retail,1.8,294600.0,2,True,0
C0420,Gonzalo Ferrari,25,Buenos Aires,Joven,3.8,91700.0,3,True,0
C0421,Carolina Benítez,39,Entre Ríos,Retail,0.4,238300.0,2,False,1
C0422,Diego Gómez,28,CABA,Joven,1.9,58200.0,1,True,0
C0423,Martina Pérez,46,Tucumán,Retail,4.0,124900.0,4,True,0
C0424,Marcos Sosa,54,CABA,Premium,9.6,1893900.0,3,True,0
C0425,Franco Quiroga,46,Córdoba,PyME,0.2,1058800.0,4,False,0
C0426,Isabella Herrera,41,CABA,Retail,4.8,149300.0,1,True,0
C0427,Paulina Ledesma,47,Buenos Aires,PyME,8.7,580700.0,3,True,0
C0428,Federico Moreno,41,CABA,Retail,0.1,56200.0,3,True,0
C0429,Renata González,44,Santa Fe,Retail,14.0,367400.0,4,True,0
C0430,Matías Sosa,53,Buenos Aires,Retail,0.3,519900.0,4,False,1
C0431,Carolina Herrera,24,CABA,Joven,1.7,146000.0,2,False,1
C0432,Bruno Ortiz,42,CABA,Retail,8.2,141700.0,1,True,0
C0433,Guadalupe Moreno,48,CABA,Premium,5.1,712200.0,5,True,0
C0434,Julieta Ortiz,49,CABA,Retail,7.8,173800.0,1,False,0
C0435,Bruno Rojas,22,Santa Fe,Joven,3.8,38900.0,3,False,1
C0436,Marcos Juárez,51,Buenos Aires,Retail,14.0,816100.0,1,True,0
C0437,Gonzalo Cabrera,42,Córdoba,Premium,6.0,376400.0,5,True,0
C0438,Federico Castro,52,Santa Fe,Retail,4.4,54600.0,2,True,0
C0439,Pilar Ruiz,50,Mendoza,PyME,16.0,159500.0,6,True,0
C0440,Lautaro González,50,Entre Ríos,Premium,19.1,3704500.0,4,True,0
C0441,Guadalupe Quiroga,50,Mendoza,Retail,4.7,103400.0,4,False,1
C0442,Agustín Cabrera,46,Córdoba,Retail,8.7,130500.0,2,False,0
C0443,Agustín Ledesma,21,Santa Fe,Joven,1.5,34700.0,3,True,0
C0444,Valentina López,43,Santa Fe,Retail,5.4,157200.0,3,True,0
C0445,Carolina Luna,47,CABA,Premium,0.9,1200600.0,6,True,0
C0446,Mercedes Luna,61,Santa Fe,Premium,18.2,7685200.0,4,True,0
C0447,Florencia Sosa,23,Córdoba,Joven,1.5,16400.0,3,True,0
C0448,Mercedes Silva,25,CABA,Joven,1.4,53900.0,2,True,0
C0449,Emma Ledesma,26,Buenos Aires,Joven,1.4,12300.0,2,False,1
C0450,Mía Ramírez,59,Córdoba,Premium,16.2,3175800.0,6,True,0
C0451,Ignacio Torres,41,Santa Fe,Retail,5.9,102500.0,1,True,0
C0452,Isabella Ruiz,24,Mendoza,Joven,1.2,8400.0,2,True,0
C0453,Valentina Bianchi,22,Entre Ríos,Joven,0.7,27400.0,1,True,0
C0454,Lucía Ruiz,46,Buenos Aires,Retail,0.4,199600.0,3,True,0
C0455,Bruno Gómez,36,Córdoba,Retail,0.6,282900.0,1,True,0
C0456,Constanza Flores,29,Santa Fe,Retail,1.1,123600.0,2,True,0
C0457,Ignacio Díaz,38,CABA,Retail,14.0,186000.0,4,True,0
C0458,Rocío Villalba,38,Córdoba,Retail,0.4,919700.0,1,True,0
C0459,Emilia Romero,47,Córdoba,Premium,2.6,1845600.0,4,True,0
C0460,Constanza Castro,51,Entre Ríos,Premium,19.7,1516400.0,3,False,0
C0461,Ramiro Juárez,59,Buenos Aires,Premium,5.3,1634100.0,6,True,0
C0462,Ramiro Cabrera,37,Mendoza,PyME,3.4,340700.0,5,True,0
C0463,Sebastián Rojas,27,Santa Fe,Retail,0.5,84400.0,2,True,0
C0464,Lucía Sosa,41,Mendoza,Premium,10.7,3579900.0,6,True,0
C0465,Sofía Rodríguez,21,CABA,Joven,0.2,138600.0,1,True,0
C0466,Olivia Fernández,48,Buenos Aires,Retail,2.8,479900.0,2,True,0
C0467,Santiago Aguirre,45,CABA,PyME,1.3,723400.0,6,True,0
C0468,Bautista Ramírez,54,Entre Ríos,Retail,5.1,27500.0,2,False,1
C0469,Santiago Quiroga,33,Córdoba,Retail,1.5,85700.0,1,True,0
C0470,Federico Martínez,40,Córdoba,Retail,12.7,189400.0,3,True,0
C0471,Lautaro Herrera,64,CABA,Premium,16.0,4403500.0,4,True,0
C0472,Antonella Sosa,30,Santa Fe,Retail,0.2,437700.0,3,False,1
C0473,Valentina Aguirre,33,Buenos Aires,Retail,3.9,141000.0,2,True,0
C0474,Federico Cabrera,23,Santa Fe,Joven,0.8,44100.0,2,False,1
C0475,Facundo Luna,23,CABA,Joven,0.6,66300.0,3,False,1
C0476,Mateo Sánchez,47,Córdoba,Premium,9.5,2132500.0,6,True,0
C0477,Isabella Aguirre,45,Buenos Aires,Premium,18.1,3429000.0,3,True,0
C0478,Emma Fernández,43,Buenos Aires,Retail,5.4,68800.0,1,False,1
C0479,Gonzalo Núñez,22,CABA,Joven,0.1,40200.0,2,True,0
C0480,Isabella Torres,41,CABA,Retail,4.1,352400.0,2,True,0
C0481,Pilar Villalba,44,Córdoba,PyME,3.2,2211900.0,4,True,0
C0482,Ramiro Ríos,33,Buenos Aires,Retail,1.4,376500.0,4,True,0
C0483,Renata Quiroga,32,Tucumán,Retail,5.0,359600.0,1,False,1
C0484,Rocío Ledesma,53,Córdoba,Retail,5.2,173800.0,4,True,0
C0485,Matías Ojeda,21,Buenos Aires,Joven,0.5,4600.0,1,False,1
C0486,Mía Medina,45,Buenos Aires,Premium,4.1,271000.0,3,True,0
C0487,Florencia Ríos,60,Buenos Aires,PyME,1.9,870900.0,4,True,0
C0488,Renata Moreno,53,CABA,Retail,3.9,162700.0,2,True,0
C0489,Federico Quiroga,21,Tucumán,Joven,3.0,34900.0,1,False,1
C0490,Emma Ramírez,24,Córdoba,Joven,1.3,26700.0,1,True,0
C0491,Rocío Ojeda,40,Mendoza,Premium,0.6,5133600.0,6,True,0
C0492,Mía Díaz,44,Santa Fe,Premium,4.4,1817800.0,3,False,1
C0493,Benjamín Moreno,57,CABA,Retail,0.3,16000.0,1,False,1
C0494,Florencia Álvarez,22,Córdoba,Joven,1.0,16600.0,1,False,1
C0495,Ramiro Acosta,54,Entre Ríos,Retail,8.2,97700.0,2,True,0
C0496,Delfina Ferrari,55,Santa Fe,Retail,0.1,205400.0,2,True,0
C0497,Julieta Ortiz,28,Córdoba,Retail,3.1,19900.0,4,True,0
C0498,Ignacio Sánchez,50,Entre Ríos,Retail,7.4,236500.0,4,True,0
C0499,Antonella Ferrari,37,Buenos Aires,PyME,7.1,1334900.0,6,True,0
C0500,Valentina Ruiz,41,Córdoba,PyME,5.6,1834100.0,2,False,1
C0501,Alejandro Villalba,56,CABA,PyME,7.3,264100.0,2,True,0
C0502,Rocío Ledesma,42,Santa Fe,PyME,8.1,479500.0,4,True,0
C0503,Catalina Molina,34,Mendoza,Retail,8.1,104800.0,4,False,0
C0504,Martina Ríos,51,CABA,Retail,7.6,288900.0,3,True,0
C0505,Renata Villalba,38,CABA,Retail,7.7,103300.0,1,True,0
C0506,Julieta Ramírez,25,Mendoza,Joven,0.9,95400.0,3,True,0
C0507,Franco Acosta,37,Córdoba,Retail,14.0,164200.0,3,True,0
C0508,Catalina Villalba,26,CABA,Joven,5.0,128000.0,3,True,0
C0509,Carolina Álvarez,52,Buenos Aires,PyME,4.6,18500.0,2,True,0
C0510,Lautaro Aguirre,44,Córdoba,PyME,0.4,106800.0,5,True,1
C0511,Delfina Moreno,51,Córdoba,PyME,6.7,1796600.0,4,True,0
C0512,Florencia Gómez,40,Buenos Aires,Retail,12.1,86100.0,1,True,0
C0513,Guadalupe Cabrera,40,CABA,Premium,22.0,707600.0,3,True,0
C0514,Mía Ojeda,47,Córdoba,Retail,0.6,424600.0,2,True,0
C0515,Mateo Silva,40,Buenos Aires,Retail,5.7,353200.0,3,True,0
C0516,Isabella Ferrari,51,Córdoba,Premium,0.2,2196300.0,5,True,0
C0517,Ignacio Fernández,42,Buenos Aires,PyME,9.9,986300.0,4,True,0
C0518,Diego Ojeda,42,Tucumán,PyME,16.0,1101300.0,2,False,0
C0519,Catalina Aguirre,53,Buenos Aires,Premium,0.3,552000.0,6,True,0
C0520,Rocío Acosta,64,Buenos Aires,Premium,22.0,1723800.0,5,True,0
C0521,Camila Acosta,30,Buenos Aires,Retail,0.9,42200.0,1,False,0
C0522,Carolina Ojeda,43,Buenos Aires,Retail,0.6,173800.0,1,False,0
C0523,Constanza Ortiz,48,CABA,Retail,5.7,265600.0,1,True,0
C0524,Thiago Rodríguez,59,Buenos Aires,Premium,0.4,1691500.0,6,False,0
C0525,Rocío Silva,54,CABA,Retail,2.3,281100.0,1,True,0
C0526,Olivia Medina,57,CABA,PyME,4.0,1332200.0,6,True,0
C0527,Carolina Martínez,21,CABA,Joven,1.9,42700.0,1,True,0
C0528,Sebastián Ruiz,38,CABA,Retail,3.1,221300.0,1,True,0
C0529,Julieta Medina,22,Mendoza,Joven,1.4,43600.0,3,True,0
C0530,Delfina Cabrera,32,Mendoza,PyME,12.3,695400.0,6,True,0
C0531,Valentina Torres,51,Entre Ríos,Premium,8.2,4263200.0,6,True,0
C0532,Malena Rodríguez,37,CABA,Retail,4.6,44500.0,4,True,0
C0533,Pilar Díaz,24,Córdoba,Joven,0.4,10600.0,2,True,0
C0534,Guadalupe Cabrera,43,CABA,Retail,3.3,331600.0,2,True,0
C0535,Isabella Cabrera,53,Tucumán,Retail,14.0,868100.0,1,False,1
C0536,Emilia Ojeda,42,CABA,Retail,0.4,220100.0,1,True,0
C0537,Sebastián González,47,Buenos Aires,Retail,6.7,202100.0,4,True,0
C0538,Joaquín Ruiz,29,CABA,Retail,4.1,31800.0,4,True,0
C0539,Sebastián Silva,47,Buenos Aires,Retail,12.5,307500.0,3,True,0
C0540,Lucía Luna,38,Santa Fe,Retail,1.1,367200.0,1,True,0
C0541,Emilia Torres,37,Córdoba,Retail,1.1,329900.0,2,False,1
C0542,Nicolás Ledesma,22,CABA,Joven,0.1,91300.0,2,False,1
C0543,Franco Villalba,21,Córdoba,Joven,0.9,35100.0,2,False,1
C0544,Mateo Flores,35,Buenos Aires,Retail,5.5,52000.0,4,True,0
C0545,Ignacio Vega,60,CABA,Premium,9.9,1424900.0,4,True,0
C0546,Martina Medina,55,Santa Fe,Retail,4.9,92500.0,4,False,1
C0547,Carolina Flores,35,CABA,PyME,7.7,84200.0,6,True,0
C0548,Joaquín Fernández,37,Córdoba,Retail,0.1,32600.0,3,False,1
C0549,Antonella Ruiz,55,Buenos Aires,Premium,4.7,742900.0,4,True,0
C0550,Gonzalo Martínez,36,Buenos Aires,Retail,3.4,42400.0,2,True,0
C0551,Ignacio Rodríguez,39,Córdoba,Retail,0.2,94900.0,1,True,1
C0552,Guadalupe Villalba,23,Buenos Aires,Joven,0.8,16800.0,2,False,1
C0553,Julieta González,28,Buenos Aires,Joven,0.8,9600.0,2,False,0
C0554,Agustín Molina,28,CABA,Retail,1.3,180700.0,1,True,0
C0555,Delfina Ojeda,20,CABA,Joven,0.1,93200.0,3,False,1
C0556,Lucía López,42,CABA,PyME,2.5,348800.0,4,True,0
C0557,Catalina Cabrera,54,Santa Fe,Retail,3.8,1439000.0,2,True,0
C0558,Nicolás Flores,54,Santa Fe,Retail,4.2,111600.0,1,False,1
C0559,Bruno González,36,Tucumán,Retail,10.1,274700.0,4,True,0
C0560,Emma González,49,Buenos Aires,PyME,3.9,930600.0,3,True,0
C0561,Matías Rodríguez,32,CABA,Retail,0.9,354900.0,2,True,0
C0562,Mía Pérez,41,Tucumán,Retail,5.7,57600.0,1,False,1
C0563,Ramiro Rojas,26,CABA,Joven,0.4,72800.0,3,True,0
C0564,Gonzalo Castro,45,Buenos Aires,Retail,1.2,297200.0,4,False,0
C0565,Paulina Bianchi,48,Córdoba,Retail,2.5,31300.0,3,True,0
C0566,Facundo Pérez,44,Buenos Aires,Retail,1.6,180000.0,1,True,0
C0567,Isabella Molina,56,CABA,Premium,5.8,1659700.0,4,True,0
C0568,Ignacio Torres,40,Córdoba,Premium,12.0,2143900.0,6,True,0
C0569,Gonzalo Pérez,52,Buenos Aires,PyME,11.1,447500.0,2,True,0
C0570,Nicolás Díaz,24,Buenos Aires,Joven,0.9,47800.0,1,False,1
C0571,Nicolás González,28,CABA,Joven,0.7,29600.0,1,True,0
C0572,Lautaro Benítez,46,CABA,Retail,10.5,90800.0,1,True,0
C0573,Agustín Castro,22,Santa Fe,Joven,2.1,83200.0,1,False,1
C0574,Malena Quiroga,34,Córdoba,Retail,4.6,1677800.0,3,True,0
C0575,Benjamín Villalba,47,Córdoba,Retail,0.2,50000.0,1,True,0
C0576,Máximo Ferrari,23,Córdoba,Joven,1.0,93600.0,1,True,0
C0577,Marcos Moreno,34,Mendoza,Retail,7.0,52300.0,4,True,0
C0578,Julieta Ruiz,20,Tucumán,Joven,0.3,46700.0,1,False,1
C0579,Mía Cabrera,50,Buenos Aires,Premium,1.9,692200.0,5,False,1
C0580,Ignacio Castro,53,Buenos Aires,PyME,10.0,216800.0,4,True,0
C0581,Ignacio Ríos,55,CABA,PyME,1.4,411500.0,4,True,0
C0582,Bruno González,47,CABA,Retail,9.1,251200.0,4,False,0
C0583,Rodrigo Juárez,20,Mendoza,Joven,2.0,61400.0,1,False,1
C0584,Facundo Martínez,46,CABA,PyME,9.7,353300.0,3,False,1
C0585,Valentina Moreno,43,Córdoba,PyME,6.3,2924900.0,5,True,0
C0586,Benjamín Gómez,32,Mendoza,Retail,1.3,224200.0,2,True,1
C0587,Paulina Moreno,26,Buenos Aires,Joven,0.4,206500.0,2,False,1
C0588,Sofía Álvarez,30,Entre Ríos,Retail,3.4,305000.0,2,True,0
C0589,Isabella Quiroga,55,Entre Ríos,Retail,4.3,405600.0,3,True,0
C0590,Mateo González,53,CABA,Retail,0.8,226200.0,1,True,0
C0591,Ignacio Quiroga,23,Entre Ríos,Joven,0.1,14500.0,3,False,1
C0592,Agustín González,53,Buenos Aires,Premium,12.9,8960100.0,5,True,0
C0593,Paulina Benítez,20,CABA,Joven,0.9,19200.0,2,True,0
C0594,Mía Núñez,61,Buenos Aires,Premium,22.0,2057300.0,6,True,0
C0595,Julieta Peralta,22,Córdoba,Joven,2.1,117300.0,1,False,0
C0596,Lautaro Quiroga,59,Córdoba,Premium,0.4,4932200.0,6,True,0
C0597,Rodrigo Benítez,20,Santa Fe,Joven,0.8,15300.0,2,True,0
C0598,Isabella Romero,46,CABA,Premium,22.0,7971100.0,3,True,0
C0599,Rodrigo Ojeda,40,CABA,PyME,4.3,6265100.0,6,True,0
C0600,Pilar Juárez,19,Córdoba,Joven,1.0,25300.0,1,True,0
C0601,Marcos Benítez,31,CABA,Retail,0.5,63000.0,2,True,0
C0602,Sofía Álvarez,19,Santa Fe,Joven,0.2,40100.0,2,False,1
C0603,Franco Ramírez,62,Córdoba,Premium,0.1,2312900.0,3,True,0
C0604,Lautaro Ferrari,20,Entre Ríos,Joven,2.0,157900.0,1,True,0
C0605,Constanza Acosta,25,CABA,Joven,1.8,55400.0,3,True,0
C0606,Santiago Ledesma,34,CABA,Retail,12.2,140700.0,3,True,0
C0607,Emma Fernández,55,Entre Ríos,Retail,0.9,444000.0,3,True,0
C0608,Sofía Villalba,53,Córdoba,Premium,2.4,420600.0,3,True,0
C0609,Matías Juárez,30,CABA,Retail,3.4,41600.0,4,True,0
C0610,Facundo Ruiz,20,Córdoba,Joven,2.0,53200.0,3,False,0
C0611,Matías Ortiz,54,Buenos Aires,Premium,1.5,10717900.0,6,True,0
C0612,Pilar Fernández,60,CABA,Premium,22.0,1141700.0,3,True,0
C0613,Thiago Martínez,30,Mendoza,Retail,6.5,339400.0,2,True,0
C0614,Emilia Sánchez,62,Córdoba,Premium,22.0,3315500.0,4,True,0
C0615,Olivia Fernández,59,Tucumán,Premium,12.1,531600.0,6,True,0
C0616,Tomás Quiroga,42,Tucumán,PyME,16.0,149600.0,2,False,1
C0617,Pilar Ferrari,47,Buenos Aires,Retail,9.7,177700.0,3,False,0
C0618,Camila Medina,40,Buenos Aires,Retail,8.9,542600.0,2,True,0
C0619,Agustín Álvarez,24,Buenos Aires,Joven,1.7,18100.0,3,False,1
C0620,Emma Gómez,46,Buenos Aires,Premium,22.0,2788000.0,3,True,0
C0621,Bruno Moreno,24,Buenos Aires,Joven,1.2,86600.0,1,False,1
C0622,Catalina Ruiz,50,Buenos Aires,Premium,0.3,599200.0,5,True,0
C0623,Emilia Sánchez,47,Buenos Aires,Retail,4.5,467400.0,2,False,0
C0624,Malena Romero,37,CABA,Retail,0.1,571100.0,3,True,0
C0625,Mateo Ledesma,51,CABA,Premium,4.9,1198900.0,6,True,0
C0626,Guadalupe Aguirre,52,Entre Ríos,Premium,0.8,624800.0,6,True,0
C0627,Malena Moreno,41,CABA,PyME,2.0,1097500.0,5,True,0
C0628,Matías Núñez,53,Santa Fe,Retail,8.3,435500.0,4,False,0
C0629,Sofía López,21,Mendoza,Joven,0.5,44700.0,2,False,1
C0630,Antonella Castro,21,Buenos Aires,Joven,0.1,65500.0,1,True,0
C0631,Martina Ferrari,48,Buenos Aires,Premium,1.0,518700.0,6,True,0
C0632,Sebastián Núñez,36,Buenos Aires,Retail,3.9,32300.0,3,False,0
C0633,Ramiro González,51,Córdoba,Retail,14.0,1342300.0,1,True,0
C0634,Malena Ledesma,51,Buenos Aires,Retail,10.8,179500.0,3,True,0
C0635,Rocío Silva,19,CABA,Joven,0.2,68000.0,2,True,0
C0636,Agustín Álvarez,49,Buenos Aires,Retail,0.1,237200.0,4,True,0
C0637,Bruno Aguirre,21,Santa Fe,Joven,1.4,42900.0,1,True,1
C0638,Constanza Álvarez,50,Santa Fe,Premium,13.0,1801800.0,6,True,0
C0639,Benjamín Benítez,44,Entre Ríos,Retail,14.0,80900.0,1,True,0
C0640,Federico Ortiz,40,Buenos Aires,Retail,4.4,112700.0,1,True,0
C0641,Delfina Molina,28,CABA,Joven,2.5,135400.0,2,True,0
C0642,Mateo Álvarez,52,Córdoba,PyME,5.6,237700.0,3,True,0
C0643,Mía Cabrera,21,Entre Ríos,Joven,3.0,22900.0,3,True,0
C0644,Florencia Silva,34,Santa Fe,PyME,2.5,267200.0,6,True,0
C0645,Rocío Núñez,46,CABA,Premium,11.5,6474800.0,5,True,0
C0646,Florencia Peralta,48,Mendoza,Retail,2.4,18300.0,1,True,0
C0647,Thiago Martínez,52,Córdoba,PyME,2.6,418200.0,6,True,0
C0648,Benjamín Torres,50,Buenos Aires,Retail,2.7,103700.0,3,True,0
C0649,Thiago Rodríguez,46,CABA,PyME,3.7,279400.0,2,True,0
C0650,Matías Bianchi,52,CABA,Premium,3.6,2005100.0,3,True,0
C0651,Delfina Ríos,36,Santa Fe,Retail,3.3,1166000.0,4,True,0
C0652,Ramiro Álvarez,58,CABA,Premium,0.5,1146900.0,5,True,0
C0653,Benjamín Torres,36,Córdoba,PyME,2.6,51000.0,4,True,0
C0654,Sebastián Luna,35,Córdoba,PyME,7.1,1258100.0,2,True,0
C0655,Santiago Ramírez,53,Córdoba,Premium,11.5,3695900.0,4,True,0
C0656,Benjamín Rojas,25,Entre Ríos,Joven,0.3,24400.0,1,True,0
C0657,Rocío Herrera,36,Córdoba,Retail,6.2,682500.0,3,False,0
C0658,Agustín Silva,43,Entre Ríos,PyME,0.1,1222900.0,6,True,0
C0659,Agustín Molina,46,CABA,Premium,10.8,581800.0,5,True,0
C0660,Mía Silva,22,CABA,Joven,2.4,30800.0,3,True,0
C0661,Franco Castro,49,Tucumán,Premium,0.5,941200.0,4,True,0
C0662,Ramiro Díaz,30,Córdoba,Retail,1.2,142200.0,2,True,0
C0663,Matías Pérez,36,Buenos Aires,Retail,4.9,26000.0,1,True,0
C0664,Antonella Fernández,45,Buenos Aires,PyME,1.4,2220000.0,5,True,0
C0665,Catalina Juárez,34,Entre Ríos,Retail,3.1,538500.0,1,True,0
C0666,Federico Sánchez,40,Córdoba,PyME,2.5,348000.0,3,True,0
C0667,Joaquín Ríos,40,Córdoba,PyME,10.0,4098400.0,2,True,0
C0668,Emilia Ramírez,59,CABA,Retail,4.2,44300.0,1,False,0
C0669,Franco Ruiz,40,Córdoba,Premium,4.0,3493000.0,3,False,0
C0670,Julieta Rojas,53,Buenos Aires,Premium,0.6,1997300.0,3,True,0
C0671,Santiago Romero,34,CABA,PyME,4.4,529600.0,6,False,1
C0672,Facundo González,49,Buenos Aires,Retail,1.9,154000.0,4,False,1
C0673,Sofía Silva,24,CABA,Joven,1.5,209900.0,1,False,0
C0674,Carolina Ortiz,25,CABA,Joven,5.0,16400.0,2,True,0
C0675,Catalina González,27,Mendoza,Joven,2.1,146000.0,1,True,0
C0676,Carolina Ortiz,38,Córdoba,PyME,16.0,203300.0,4,True,0
C0677,Julieta Romero,41,Santa Fe,Retail,0.2,499400.0,2,False,0
C0678,Malena Flores,25,Córdoba,Joven,0.4,38500.0,2,True,0
C0679,Florencia Ojeda,47,Santa Fe,PyME,6.5,669900.0,5,False,1
C0680,Constanza Ramírez,24,Córdoba,Joven,1.9,86000.0,1,False,0
C0681,Tomás Núñez,66,Mendoza,Premium,20.4,325100.0,6,True,0
C0682,Pilar Díaz,49,Buenos Aires,Premium,8.5,1147900.0,3,True,0
C0683,Emilia Ríos,28,Buenos Aires,Joven,0.5,113300.0,2,True,0
C0684,Emilia Luna,20,Santa Fe,Joven,2.0,33800.0,2,True,0
C0685,Federico Rodríguez,41,Buenos Aires,PyME,11.4,867000.0,4,False,1
C0686,Antonella Ríos,24,Buenos Aires,Joven,0.1,21500.0,2,False,1
C0687,Mateo Díaz,56,Buenos Aires,Premium,10.3,2012200.0,3,True,0
C0688,Paulina Sánchez,36,CABA,PyME,1.9,539800.0,2,True,0
C0689,Diego Álvarez,53,Santa Fe,Retail,1.9,78100.0,3,True,0
C0690,Paulina Núñez,24,Santa Fe,Joven,0.2,38300.0,2,True,0
C0691,Camila Quiroga,48,Buenos Aires,Retail,5.8,286800.0,3,False,1
C0692,Emma Benítez,52,Buenos Aires,Retail,5.4,100200.0,4,True,0
C0693,Bruno Pérez,50,Buenos Aires,PyME,11.4,235500.0,5,True,0
C0694,Federico Ramírez,40,Tucumán,Retail,1.8,99300.0,3,True,0
C0695,Guadalupe Vega,30,Buenos Aires,Retail,0.1,96300.0,1,False,1
C0696,Renata Ramírez,32,Buenos Aires,Retail,3.8,96400.0,3,False,1
C0697,Paulina Moreno,39,Santa Fe,PyME,4.6,309600.0,2,False,1
C0698,Guadalupe Moreno,25,CABA,Joven,1.2,56000.0,3,True,0
C0699,Lautaro Juárez,30,Buenos Aires,Retail,5.5,213500.0,1,True,0
C0700,Valentina Cabrera,51,Buenos Aires,Retail,1.7,158900.0,3,True,0
C0701,Lucas Rojas,33,Mendoza,PyME,5.2,6780700.0,5,True,1
C0702,Franco Flores,48,CABA,Premium,1.8,1748300.0,5,True,0
C0703,Constanza Quiroga,56,Tucumán,Retail,2.4,219500.0,3,True,0
C0704,Gonzalo Gómez,49,CABA,Retail,0.8,137300.0,3,True,0
C0705,Lucas Molina,19,Córdoba,Joven,0.3,26600.0,2,True,0
C0706,Agustín Juárez,59,CABA,Retail,2.3,13500.0,1,True,0
C0707,Guadalupe González,56,Entre Ríos,Premium,22.0,500000.0,5,True,0
C0708,Mateo Ojeda,41,Santa Fe,PyME,0.8,667200.0,3,False,1
C0709,Martina Molina,25,Buenos Aires,Joven,0.2,45000.0,1,True,0
C0710,Mía Núñez,46,CABA,Premium,12.1,701900.0,4,True,0
C0711,Tomás López,40,Córdoba,Retail,5.5,107600.0,1,False,0
C0712,Constanza Martínez,38,CABA,Retail,14.0,260100.0,3,True,0
C0713,Rodrigo Ledesma,39,Buenos Aires,PyME,2.0,66200.0,4,False,1
C0714,Guadalupe Cabrera,37,CABA,Retail,2.0,83400.0,2,True,0
C0715,Marcos Ledesma,60,Tucumán,Premium,6.5,1125700.0,5,True,0
C0716,Mercedes Sosa,25,Mendoza,Joven,0.8,21600.0,1,True,0
C0717,Ramiro Juárez,42,Buenos Aires,Retail,4.8,280100.0,2,True,0
C0718,Renata Pérez,32,CABA,Retail,3.8,30500.0,3,True,0
C0719,Antonella Ortiz,60,Buenos Aires,Premium,3.6,1296000.0,4,False,1
C0720,Isabella Quiroga,36,Mendoza,Retail,3.6,30200.0,4,True,0
C0721,Ramiro Molina,23,Buenos Aires,Joven,0.7,29800.0,2,True,0
C0722,Sofía Silva,30,CABA,Retail,4.4,197600.0,1,True,0
C0723,Diego Juárez,42,CABA,Premium,0.9,793400.0,5,True,0
C0724,Bautista Medina,41,CABA,Retail,2.4,476000.0,4,True,0
C0725,Máximo Quiroga,51,CABA,Retail,6.1,501300.0,4,True,0
C0726,Ramiro Ramírez,52,Mendoza,Retail,0.4,74400.0,1,True,0
C0727,Thiago Moreno,40,Buenos Aires,Premium,22.0,1165100.0,3,True,0
C0728,Antonella Bianchi,23,Buenos Aires,Joven,1.0,16000.0,1,True,0
C0729,Facundo Vega,51,Entre Ríos,Retail,0.9,89500.0,2,False,1
C0730,Renata Torres,36,CABA,PyME,2.3,498000.0,4,True,0
C0731,Camila Ferrari,31,Mendoza,Retail,0.5,72900.0,2,False,1
C0732,Olivia Ortiz,31,Mendoza,Retail,5.6,92000.0,4,True,0
C0733,Catalina Acosta,53,Mendoza,Premium,17.2,5118300.0,4,True,0
C0734,Marcos Núñez,44,Entre Ríos,Retail,2.4,19000.0,2,False,1
C0735,Santiago Cabrera,35,Córdoba,PyME,11.2,2791300.0,3,True,0
C0736,Martina López,20,Córdoba,Joven,2.0,74800.0,2,True,0
C0737,Agustín Ferrari,40,CABA,PyME,0.3,261000.0,3,True,0
C0738,Carolina Pérez,22,Buenos Aires,Joven,1.6,39100.0,1,False,1
C0739,Sebastián Castro,48,CABA,Premium,3.6,605400.0,4,True,0
C0740,Olivia González,53,Tucumán,PyME,3.1,1384400.0,5,True,0
C0741,Constanza Vega,43,Córdoba,PyME,5.1,3224900.0,4,True,0
C0742,Olivia Ojeda,47,Mendoza,Retail,3.5,258400.0,1,True,0
C0743,Malena Díaz,30,CABA,Retail,0.2,538800.0,3,True,0
C0744,Valentina Rodríguez,24,CABA,Joven,0.5,17700.0,2,True,0
C0745,Isabella Cabrera,49,Entre Ríos,Premium,0.1,3481100.0,5,True,0
C0746,Emilia Martínez,52,CABA,PyME,8.7,868200.0,6,True,0
C0747,Benjamín Herrera,49,CABA,PyME,6.3,730300.0,3,True,0
C0748,Mercedes Ojeda,23,Córdoba,Joven,1.2,98000.0,2,True,0
C0749,Pilar Martínez,32,CABA,Retail,7.6,61400.0,3,True,0
C0750,Lucía Martínez,24,CABA,Joven,0.5,31300.0,3,True,0
C0751,Diego Martínez,45,CABA,Retail,2.2,101000.0,1,True,0
C0752,Máximo Herrera,60,CABA,Retail,0.5,126900.0,2,True,0
C0753,Antonella Núñez,34,Santa Fe,Retail,3.0,114500.0,4,True,0
C0754,Mía López,35,Buenos Aires,PyME,16.0,306300.0,5,True,0
C0755,Carolina González,54,Córdoba,Retail,4.0,342500.0,1,True,0
C0756,Máximo Ramírez,44,Buenos Aires,Premium,3.6,734200.0,4,False,1
C0757,Carolina Acosta,54,Córdoba,Retail,0.2,270700.0,4,True,0
C0758,Valentina Vega,47,Buenos Aires,Retail,5.6,577100.0,4,False,1
C0759,Paulina Flores,20,Buenos Aires,Joven,1.8,39900.0,1,True,0
C0760,Alejandro Gómez,32,Buenos Aires,Retail,4.0,227900.0,4,True,0
C0761,Pilar Quiroga,40,CABA,Retail,13.2,208000.0,3,True,0
C0762,Mercedes Vega,38,Córdoba,Retail,0.5,1682600.0,1,True,0
C0763,Lucía Herrera,31,Buenos Aires,Retail,1.1,645900.0,2,True,0
C0764,Lautaro Aguirre,44,Córdoba,Premium,6.3,288300.0,5,False,0
C0765,Lautaro Castro,32,Entre Ríos,Retail,1.5,487100.0,2,True,0
C0766,Alejandro Ríos,47,Buenos Aires,Retail,4.7,273500.0,4,True,0
C0767,Sofía Ferrari,34,Tucumán,Retail,1.1,417400.0,1,False,1
C0768,Mercedes Ramírez,57,Mendoza,Premium,0.9,1297100.0,6,True,0
C0769,Emilia Ríos,40,Buenos Aires,Retail,5.4,229200.0,4,True,1
C0770,Tomás Quiroga,34,Buenos Aires,Retail,3.0,83000.0,1,True,0
C0771,Bautista Sánchez,43,CABA,Premium,11.6,874000.0,5,True,0
C0772,Emma González,54,Córdoba,PyME,8.3,4424600.0,6,False,1
C0773,Joaquín Moreno,45,Tucumán,Retail,0.1,943800.0,1,True,0
C0774,Benjamín Álvarez,43,Santa Fe,Retail,3.5,105300.0,1,False,0
C0775,Gonzalo Ferrari,61,Entre Ríos,Premium,22.0,4146600.0,6,True,0
C0776,Victoria Castro,53,Córdoba,Premium,7.7,1447800.0,3,True,0
C0777,Ramiro González,52,CABA,Premium,9.6,3068400.0,6,True,0
C0778,Gonzalo Vega,59,Mendoza,PyME,2.1,215700.0,5,False,0
C0779,Diego Pérez,22,Entre Ríos,Joven,2.7,175900.0,2,True,0
C0780,Paulina López,45,Buenos Aires,PyME,9.6,1652400.0,4,True,0
C0781,Nicolás Molina,64,Córdoba,Premium,13.1,976400.0,4,True,0
C0782,Lautaro Ortiz,24,Santa Fe,Joven,1.1,59900.0,3,False,1
C0783,Olivia Luna,59,CABA,Premium,0.7,1147000.0,5,True,0
C0784,Rodrigo Luna,59,Córdoba,Retail,3.7,74000.0,2,True,0
C0785,Mateo Gómez,21,Mendoza,Joven,0.3,30500.0,3,True,0
C0786,Olivia Aguirre,32,CABA,Retail,5.3,301900.0,4,True,0
C0787,Joaquín Sosa,24,Buenos Aires,Joven,0.5,123500.0,1,True,0
C0788,Lucía Sánchez,41,Entre Ríos,PyME,4.7,2305200.0,4,True,0
C0789,Ignacio López,21,Córdoba,Joven,1.8,61100.0,3,False,1
C0790,Isabella Gómez,24,Buenos Aires,Joven,2.1,88900.0,3,False,0
C0791,Paulina Silva,57,Córdoba,Retail,3.7,269800.0,4,True,0
C0792,Catalina Díaz,47,Santa Fe,Retail,14.0,788000.0,3,True,0
C0793,Bautista Moreno,42,CABA,Retail,7.9,263200.0,2,True,0
C0794,Antonella Núñez,22,CABA,Joven,0.8,47100.0,3,False,1
C0795,Pilar Peralta,46,Mendoza,PyME,1.3,242700.0,5,False,1
C0796,Carolina Torres,48,Mendoza,Retail,5.9,410700.0,2,True,0
C0797,Malena Sosa,40,CABA,Retail,8.9,80500.0,4,True,0
C0798,Julieta Silva,45,Córdoba,Retail,1.0,55100.0,3,True,0
C0799,Pilar Castro,50,Córdoba,Retail,2.6,194300.0,4,True,1
C0800,Federico Villalba,21,Entre Ríos,Joven,3.0,64900.0,1,False,1
C0801,Sebastián Fernández,47,CABA,PyME,1.8,1453700.0,2,True,0
C0802,Facundo Aguirre,56,Buenos Aires,Retail,2.1,424500.0,1,True,0
C0803,Thiago Ojeda,44,CABA,Premium,0.1,1007000.0,3,True,0
C0804,Gonzalo Ledesma,41,Santa Fe,PyME,9.7,178700.0,3,False,0
C0805,Rocío Moreno,24,Buenos Aires,Joven,1.1,25700.0,1,True,0
C0806,Mía Peralta,32,Buenos Aires,PyME,1.2,214100.0,2,True,0
C0807,Emma Silva,46,Tucumán,Retail,10.3,563200.0,3,True,0
C0808,Diego Álvarez,22,Córdoba,Joven,0.1,6200.0,3,False,1
C0809,Olivia Herrera,25,CABA,Joven,0.2,35100.0,1,False,1
C0810,Joaquín Sosa,47,CABA,Retail,10.4,51600.0,4,True,0
C0811,Ignacio Díaz,32,CABA,Retail,6.4,175600.0,2,True,0
C0812,Alejandro Pérez,39,Santa Fe,Premium,21.0,1600500.0,3,True,0
C0813,Julieta Cabrera,25,Buenos Aires,Joven,0.8,77000.0,3,True,0
C0814,Pilar Aguirre,26,Buenos Aires,Joven,1.2,11700.0,2,True,0
C0815,Joaquín Ríos,43,Buenos Aires,Retail,3.4,106900.0,2,False,1
C0816,Joaquín Gómez,40,Buenos Aires,PyME,2.9,101100.0,5,True,0
C0817,Pilar Núñez,51,Buenos Aires,Retail,1.7,445400.0,3,True,0
C0818,Guadalupe Núñez,59,CABA,Retail,1.1,448000.0,3,True,0
C0819,Victoria Rodríguez,28,Buenos Aires,Joven,0.7,172400.0,2,False,1
C0820,Florencia Ojeda,31,Mendoza,Retail,1.5,106300.0,2,False,0
C0821,Lautaro Villalba,45,Entre Ríos,Premium,4.4,1442800.0,3,True,0
C0822,Mateo Bianchi,24,CABA,Joven,4.9,14200.0,3,True,0
C0823,Diego Núñez,41,Santa Fe,Retail,2.6,350300.0,4,True,0
C0824,Benjamín Ojeda,30,Entre Ríos,Retail,11.2,60700.0,4,True,0
C0825,Joaquín Flores,36,Entre Ríos,Retail,3.8,145200.0,3,False,0
C0826,Nicolás Bianchi,28,Buenos Aires,Joven,1.5,10300.0,3,True,0
C0827,Guadalupe Luna,43,CABA,Retail,2.5,127300.0,3,True,0
C0828,Carolina Vega,51,Santa Fe,Retail,1.5,873800.0,3,False,0
C0829,Lautaro Rojas,26,CABA,Joven,0.5,146700.0,2,False,0
C0830,Camila Pérez,25,Mendoza,Joven,1.2,54700.0,1,True,1
C0831,Florencia Torres,47,Santa Fe,PyME,0.4,218800.0,4,True,0
C0832,Federico Bianchi,46,Córdoba,Premium,11.1,1664900.0,3,True,0
C0833,Mateo Ferrari,59,CABA,Premium,6.1,930300.0,6,True,0
C0834,Mercedes Ojeda,45,Buenos Aires,Retail,14.0,230200.0,1,False,1
C0835,Benjamín Martínez,47,Mendoza,Retail,0.1,109600.0,2,True,0
C0836,Rocío Ortiz,42,Santa Fe,Retail,5.7,30300.0,3,True,0
C0837,Paulina Acosta,27,CABA,Joven,0.1,133000.0,1,True,0
C0838,Benjamín Flores,24,Buenos Aires,Joven,2.0,156800.0,3,False,1
C0839,Gonzalo Ortiz,30,Córdoba,Retail,2.6,135500.0,1,True,1
C0840,Emilia Silva,19,CABA,Joven,0.4,28700.0,2,True,0
C0841,Camila Vega,36,Santa Fe,Retail,9.2,102100.0,4,True,0
C0842,Constanza Martínez,24,Buenos Aires,Joven,0.7,40100.0,3,True,0
C0843,Lautaro Martínez,36,Buenos Aires,Retail,0.5,178300.0,4,True,0
C0844,Lucas Pérez,50,CABA,PyME,5.6,834400.0,3,True,0
C0845,Bruno Ledesma,39,Buenos Aires,PyME,6.6,247800.0,6,False,1
C0846,Lucas Rodríguez,59,Santa Fe,Premium,4.1,14118000.0,5,True,0
C0847,Thiago Flores,35,Mendoza,PyME,12.1,2669600.0,6,True,0
C0848,Diego Molina,39,Mendoza,Retail,4.2,251000.0,4,True,0
C0849,Agustín López,46,Tucumán,PyME,15.4,205400.0,4,True,0
C0850,Nicolás Martínez,55,Buenos Aires,Retail,4.9,627500.0,3,True,0
C0851,Sebastián Medina,48,Buenos Aires,Retail,9.9,112100.0,2,True,0
C0852,Paulina Díaz,48,Buenos Aires,Retail,0.5,255600.0,2,True,0
C0853,Valentina López,31,CABA,Retail,6.7,71100.0,3,True,0
C0854,Agustín Gómez,52,CABA,Retail,12.8,55700.0,2,True,0
C0855,Victoria Moreno,25,Mendoza,Joven,0.4,106500.0,2,True,0
C0856,Emilia Álvarez,22,Buenos Aires,Joven,0.5,139200.0,1,True,0
C0857,Antonella Ortiz,35,Buenos Aires,Retail,1.9,195600.0,4,True,0
C0858,Matías Juárez,42,Buenos Aires,PyME,8.5,467000.0,3,True,0
C0859,Rodrigo Bianchi,27,Buenos Aires,Joven,0.4,34300.0,3,False,0
C0860,Santiago Ledesma,28,Buenos Aires,Retail,3.1,68500.0,4,True,0
C0861,Mía Ledesma,43,Córdoba,Retail,0.2,99100.0,3,True,0
C0862,Rocío Fernández,51,CABA,Retail,5.8,178300.0,1,True,0
C0863,Renata Sosa,44,Córdoba,Premium,3.9,941000.0,3,True,0
C0864,Rodrigo Díaz,53,Córdoba,Premium,0.1,3984700.0,4,True,0
C0865,Florencia Flores,51,CABA,Retail,1.9,349900.0,3,False,0
C0866,Mercedes Torres,27,CABA,Joven,0.4,72400.0,3,True,0
C0867,Constanza Álvarez,26,Buenos Aires,Joven,1.3,124600.0,3,True,0
C0868,Facundo Martínez,22,Córdoba,Joven,0.2,132600.0,1,False,1
C0869,Rocío Sosa,43,Mendoza,PyME,2.7,1334100.0,6,True,0
C0870,Mercedes Ruiz,25,Córdoba,Joven,0.3,60100.0,2,True,0
C0871,Pilar Peralta,53,CABA,Premium,6.0,1172900.0,4,False,1
C0872,Lautaro Juárez,23,Córdoba,Joven,0.6,9500.0,1,True,0
C0873,Mateo Cabrera,44,Mendoza,Premium,22.0,3064400.0,4,True,0
C0874,Gonzalo Castro,57,Córdoba,Retail,4.7,178700.0,1,True,0
C0875,Bautista Ramírez,62,CABA,Premium,5.8,2005500.0,4,True,0
C0876,Delfina Rodríguez,50,Tucumán,Premium,8.6,1462300.0,6,True,0
C0877,Sebastián Gómez,54,Santa Fe,Premium,14.0,706700.0,5,True,0
C0878,Sebastián Ledesma,41,Buenos Aires,PyME,14.6,1700500.0,2,False,0
C0879,Valentina Herrera,60,CABA,PyME,1.1,421900.0,5,True,0
C0880,Camila Quiroga,34,CABA,Retail,0.1,697800.0,2,False,1
C0881,Rocío Ojeda,41,Buenos Aires,Retail,1.4,579700.0,4,True,0
C0882,Bruno Sosa,59,Buenos Aires,PyME,7.4,520200.0,2,True,0
C0883,Joaquín Ortiz,19,Buenos Aires,Joven,1.0,43500.0,1,False,1
C0884,Mercedes Rojas,42,Mendoza,Retail,0.3,130500.0,4,True,0
C0885,Renata Ramírez,19,Buenos Aires,Joven,0.2,264700.0,3,False,1
C0886,Nicolás Álvarez,51,Mendoza,Premium,22.0,2699000.0,5,True,0
C0887,Florencia Ojeda,47,Buenos Aires,Premium,14.9,1754000.0,3,True,0
C0888,Diego Ferrari,41,CABA,PyME,6.2,279800.0,2,True,0
C0889,Catalina Ferrari,52,Buenos Aires,Retail,2.2,369300.0,3,True,0
C0890,Thiago Ferrari,60,Santa Fe,Retail,5.5,118100.0,3,True,0
C0891,Victoria Silva,51,Córdoba,PyME,1.4,179100.0,4,True,0
C0892,Florencia Díaz,23,Santa Fe,Joven,4.2,83800.0,2,False,1
C0893,Valentina Romero,48,Buenos Aires,Premium,12.3,422000.0,4,True,1
C0894,Catalina Álvarez,25,CABA,Joven,0.6,59500.0,1,False,1
C0895,Facundo Benítez,27,Buenos Aires,Joven,2.4,14400.0,3,False,1
C0896,Rodrigo Molina,67,Santa Fe,Premium,7.4,640400.0,5,True,0
C0897,Ignacio Ríos,48,CABA,Retail,10.1,158800.0,3,True,0
C0898,Martina Rojas,29,Córdoba,Retail,2.1,74900.0,3,False,0
C0899,Lucas Ortiz,60,CABA,Premium,12.5,695900.0,5,True,0
C0900,Ignacio Fernández,54,Córdoba,Premium,2.7,1953200.0,3,True,0
C0901,Thiago Díaz,41,Mendoza,PyME,16.0,1800200.0,5,True,0
C0902,Ramiro Ferrari,49,Santa Fe,Premium,1.1,6544400.0,4,False,0
C0903,Mía González,56,Buenos Aires,PyME,3.7,256400.0,6,True,0
C0904,Malena Vega,25,Buenos Aires,Joven,0.6,78800.0,3,True,0
C0905,Lucas Quiroga,55,CABA,Retail,0.7,294500.0,4,True,0
C0906,Florencia Gómez,23,Santa Fe,Joven,0.9,16000.0,2,True,0
C0907,Lautaro López,42,Santa Fe,PyME,16.0,156000.0,6,True,0
C0908,Malena Medina,63,Entre Ríos,Premium,4.3,4084600.0,5,True,0
C0909,Marcos Silva,40,Buenos Aires,Retail,6.4,49500.0,1,True,0
C0910,Facundo Ortiz,31,CABA,Retail,0.9,198600.0,1,False,1
C0911,Catalina González,24,CABA,Joven,1.2,37500.0,1,True,0
C0912,Sofía Romero,26,Entre Ríos,Joven,0.7,44500.0,3,False,1
C0913,Diego Molina,35,Córdoba,Retail,5.4,580200.0,1,True,0
C0914,Lucía Torres,36,Entre Ríos,Retail,0.3,325100.0,2,True,0
C0915,Rocío Juárez,46,Santa Fe,Premium,5.3,1180500.0,4,True,0
C0916,Isabella Ledesma,34,Buenos Aires,Retail,3.4,382500.0,1,True,0
C0917,Gonzalo Peralta,25,Santa Fe,Joven,1.8,133500.0,2,False,1
C0918,Florencia Pérez,22,Entre Ríos,Joven,0.9,23700.0,3,False,1
C0919,Lautaro Herrera,54,Buenos Aires,Retail,12.1,348400.0,2,False,1
C0920,Delfina Rodríguez,30,Mendoza,Retail,0.4,233200.0,3,True,0
C0921,Sebastián Acosta,32,Mendoza,Retail,0.4,231300.0,2,True,0
C0922,Tomás Ruiz,55,CABA,Retail,0.6,157600.0,3,True,0
C0923,Guadalupe Castro,36,Mendoza,Retail,12.6,788200.0,1,True,0
C0924,Lautaro Castro,61,Buenos Aires,Premium,0.9,2676800.0,3,True,0
C0925,Agustín Juárez,31,Buenos Aires,Retail,0.6,1363500.0,2,False,1
C0926,Gonzalo Ferrari,21,Buenos Aires,Joven,2.2,65300.0,2,True,1
C0927,Lautaro Ruiz,52,Tucumán,Retail,4.4,30900.0,2,False,0
C0928,Matías Acosta,29,Santa Fe,Retail,2.9,469900.0,2,True,0
C0929,Rocío Díaz,55,Buenos Aires,PyME,6.4,3088200.0,5,True,0
C0930,Facundo González,37,Córdoba,PyME,16.0,2159600.0,2,True,0
C0931,Alejandro Martínez,33,CABA,Retail,1.8,268500.0,2,True,0
C0932,Emilia Cabrera,53,Buenos Aires,Retail,2.1,104000.0,2,True,0
C0933,Renata Sosa,48,Córdoba,PyME,15.7,665800.0,2,True,0
C0934,Mía González,48,Buenos Aires,Premium,3.7,2152400.0,5,False,0
C0935,Facundo Flores,54,Buenos Aires,PyME,1.2,393200.0,3,True,0
C0936,Bruno González,41,CABA,Premium,0.1,1012100.0,6,True,0
C0937,Julieta Sosa,37,Córdoba,Retail,4.9,352000.0,4,True,0
C0938,Catalina Rojas,40,Entre Ríos,PyME,2.9,187400.0,5,True,0
C0939,Ignacio Ferrari,21,Córdoba,Joven,2.9,44100.0,1,True,0
C0940,Pilar Rodríguez,43,Tucumán,PyME,7.0,8450900.0,5,True,0
C0941,Sofía Bianchi,35,Entre Ríos,Retail,10.4,165500.0,4,False,0
C0942,Bruno Flores,48,CABA,PyME,13.0,1200900.0,2,True,0
C0943,Camila Medina,26,CABA,Joven,1.3,10300.0,1,True,0
C0944,Lucas Ferrari,23,Santa Fe,Joven,0.2,37700.0,3,True,0
C0945,Mercedes Rojas,37,Tucumán,Retail,0.2,1263600.0,3,True,0
C0946,Agustín Ortiz,41,Buenos Aires,Retail,2.9,473400.0,1,False,1
C0947,Paulina López,55,Córdoba,Retail,12.7,589500.0,2,True,0
C0948,Alejandro Vega,22,Santa Fe,Joven,2.3,52700.0,2,True,0
C0949,Benjamín Romero,59,CABA,Premium,22.0,983500.0,4,True,0
C0950,Catalina Villalba,43,Buenos Aires,Premium,7.2,1164400.0,6,True,0
C0951,Franco Ortiz,57,Santa Fe,PyME,4.7,292100.0,4,True,0
C0952,Diego Acosta,49,Córdoba,Premium,1.5,3162500.0,6,False,0
C0953,Catalina Rodríguez,60,Mendoza,Premium,4.3,827500.0,5,True,1
C0954,Facundo Peralta,47,CABA,Premium,22.0,1313200.0,3,True,0
C0955,Delfina Rodríguez,28,Córdoba,Joven,0.1,32100.0,2,False,1
C0956,Lautaro Torres,42,CABA,PyME,2.3,1175800.0,5,True,0
C0957,Facundo Díaz,44,Córdoba,Retail,1.9,56300.0,4,False,1
C0958,Paulina González,20,Buenos Aires,Joven,0.7,23500.0,3,True,0
C0959,Bautista Álvarez,54,CABA,Retail,4.8,623700.0,2,True,0
C0960,Lautaro López,28,Santa Fe,Joven,0.7,65900.0,3,True,0
C0961,Delfina Ortiz,44,CABA,Retail,1.1,153800.0,2,True,0
C0962,Catalina Rojas,25,Buenos Aires,Joven,0.9,10400.0,3,True,0
C0963,Florencia Villalba,46,CABA,Premium,22.0,5106300.0,6,True,0
C0964,Lucía Medina,26,Santa Fe,Joven,0.7,15500.0,2,True,0
C0965,Sofía Vega,26,Buenos Aires,Joven,0.1,63700.0,2,False,0
C0966,Nicolás González,51,CABA,PyME,3.0,314300.0,4,True,0
C0967,Rocío Martínez,31,Buenos Aires,Retail,4.4,231800.0,2,True,0
C0968,Bruno Álvarez,39,CABA,Retail,7.9,244600.0,3,True,0
C0969,Thiago Martínez,23,Córdoba,Joven,1.3,18100.0,3,True,0
C0970,Sofía Fernández,20,Buenos Aires,Joven,0.7,30500.0,2,False,1
C0971,Emilia Molina,29,Buenos Aires,Retail,1.0,234000.0,4,True,0
C0972,Olivia Acosta,28,Santa Fe,Joven,1.3,66000.0,1,True,0
C0973,Nicolás Bianchi,23,Santa Fe,Joven,0.1,25000.0,1,False,0
C0974,Olivia Moreno,23,Santa Fe,Joven,2.5,50100.0,1,True,0
C0975,Emilia Ruiz,24,Buenos Aires,Joven,1.3,56700.0,3,False,1
C0976,Mercedes Cabrera,29,CABA,Retail,6.8,310200.0,1,True,0
C0977,Tomás Sosa,39,CABA,Retail,0.3,113000.0,1,False,1
C0978,Olivia Ferrari,57,Córdoba,Premium,5.2,668900.0,6,True,0
C0979,Malena Quiroga,50,CABA,Retail,7.3,214400.0,4,True,0
C0980,Gonzalo Ramírez,35,CABA,PyME,12.9,468700.0,4,True,0
C0981,Sebastián Flores,22,Córdoba,Joven,2.2,11200.0,3,True,0
C0982,Guadalupe Díaz,54,Santa Fe,Retail,0.6,110700.0,1,True,0
C0983,Thiago Ledesma,45,Mendoza,PyME,1.1,1825100.0,2,True,0
C0984,Mateo Ferrari,38,Buenos Aires,Retail,0.9,476900.0,4,True,0
C0985,Sebastián Sosa,45,Tucumán,Retail,14.0,450900.0,3,False,1
C0986,Renata Romero,31,CABA,Retail,3.5,167700.0,3,True,0
C0987,Santiago Flores,45,Córdoba,Retail,14.0,12100.0,4,True,0
C0988,Delfina Ferrari,44,CABA,PyME,5.1,1767200.0,2,False,1
C0989,Alejandro González,52,Córdoba,PyME,11.5,391000.0,5,True,0
C0990,Lucas Ríos,62,Buenos Aires,Premium,6.5,10803500.0,3,False,1
C0991,Guadalupe Castro,44,Santa Fe,Retail,0.1,135700.0,1,False,1
C0992,Emma Núñez,29,CABA,Joven,0.6,34800.0,1,True,0
C0993,Constanza Flores,38,Buenos Aires,Retail,3.1,104400.0,3,True,0
C0994,Malena Ortiz,27,Tucumán,Joven,0.4,30500.0,1,False,0
C0995,Lucía Castro,53,Buenos Aires,Premium,10.8,799600.0,5,True,0
C0996,Bruno Rojas,24,CABA,Joven,0.1,31700.0,2,True,0
C0997,Nicolás Díaz,56,Mendoza,Premium,2.9,4513400.0,6,True,0
C0998,Lucía Aguirre,22,CABA,Joven,0.1,146200.0,2,True,0
C0999,Lucas Medina,56,Tucumán,Premium,1.0,1802000.0,6,True,0
C1000,Camila Ramírez,22,Entre Ríos,Joven,2.0,95000.0,2,False,1
