prestamo_id,cliente_id,tipo,monto_otorgado,tasa_anual,plazo_meses,fecha_otorgamiento,estado,provincia
P0001,C0510,Consumo,293000.0,0.96,36,2023-04-20,Al día,Córdoba
P0002,C0666,Personal,181000.0,1.37,60,2023-11-12,Al día,Santa Fe
P0003,C0030,Hipotecario,152000.0,1.18,36,2024-05-22,Al día,Rosario
P0004,C0084,Consumo,186000.0,0.73,24,2024-06-26,Al día,Rosario
P0005,C0089,Consumo,221000.0,0.62,36,2023-11-06,Al día,Buenos Aires
P0006,C0522,Consumo,87000.0,0.79,48,2023-11-04,90+ días mora,Rosario
P0007,C0442,Consumo,377000.0,1.03,48,2023-04-18,Al día,Santa Fe
P0008,C0914,Automotriz,83000.0,1.53,60,2024-03-14,Al día,Santa Fe
P0009,C0553,Hipotecario,25000.0,1.3,60,2024-11-15,30 días mora,Tucumán
P0010,C0817,Hipotecario,59000.0,1.46,60,2024-12-28,60 días mora,Santa Fe
P0011,C0529,Hipotecario,72000.0,1.0,60,2024-04-21,60 días mora,Buenos Aires
P0012,C0748,Hipotecario,222000.0,1.17,24,2024-12-17,Al día,Santa Fe
P0013,C0467,Personal,118000.0,0.66,60,2024-10-23,Al día,Santa Fe
P0014,C0227,Automotriz,87000.0,1.13,24,2023-09-28,60 días mora,CABA
P0015,C0356,Hipotecario,201000.0,1.77,48,2024-05-10,Al día,CABA
P0016,C0816,Personal,579000.0,1.5,24,2024-12-28,90+ días mora,CABA
P0017,C0805,Personal,38000.0,0.6,24,2023-09-06,Cancelado,Rosario
P0018,C0679,Automotriz,223000.0,0.68,12,2024-10-11,Al día,Córdoba
P0019,C0181,Personal,135000.0,1.63,60,2023-08-25,Al día,Santa Fe
P0020,C0411,Consumo,61000.0,1.24,60,2024-07-03,Al día,Córdoba
P0021,C0177,Automotriz,31000.0,1.76,24,2024-04-23,90+ días mora,Santa Fe
P0022,C0354,Hipotecario,870000.0,1.43,24,2023-11-28,Al día,CABA
P0023,C0388,Personal,351000.0,0.61,48,2023-10-16,Al día,CABA
P0024,C0727,Automotriz,1327000.0,1.33,60,2023-06-23,30 días mora,Buenos Aires
P0025,C0610,Personal,100000.0,0.67,12,2023-11-17,Al día,Buenos Aires
P0026,C0890,Personal,186000.0,1.52,36,2024-06-24,Al día,Tucumán
P0027,C0067,Consumo,74000.0,0.94,36,2023-08-04,Al día,Mendoza
P0028,C0195,Consumo,208000.0,0.89,24,2023-03-19,30 días mora,Buenos Aires
P0029,C0269,Automotriz,222000.0,1.56,24,2024-05-27,Al día,Córdoba
P0030,C0351,Personal,185000.0,1.73,48,2024-08-16,Al día,CABA
P0031,C0314,Automotriz,398000.0,1.6,24,2023-07-11,Al día,Córdoba
P0032,C0971,Personal,52000.0,0.95,12,2023-04-28,60 días mora,Rosario
P0033,C0495,PyME,95000.0,1.32,48,2023-02-07,Al día,Córdoba
P0034,C0430,Automotriz,404000.0,1.35,12,2024-07-11,30 días mora,Buenos Aires
P0035,C0263,Consumo,45000.0,1.0,36,2023-06-30,60 días mora,Santa Fe
P0036,C0533,Personal,98000.0,1.37,12,2023-06-19,Al día,CABA
P0037,C0973,Automotriz,1413000.0,1.57,48,2024-10-28,Al día,Córdoba
P0038,C0455,Consumo,140000.0,0.6,60,2023-09-07,Al día,Buenos Aires
P0039,C0370,PyME,66000.0,1.15,48,2023-01-29,Al día,Santa Fe
P0040,C0981,Consumo,4592000.0,1.52,48,2024-09-03,Al día,Tucumán
P0041,C0882,Personal,101000.0,0.83,36,2024-01-16,30 días mora,Tucumán
P0042,C0225,Hipotecario,81000.0,1.75,24,2024-01-26,Al día,Buenos Aires
P0043,C0602,Hipotecario,6273000.0,1.69,12,2024-07-24,60 días mora,Córdoba
P0044,C0133,Personal,196000.0,1.0,60,2024-02-02,Al día,CABA
P0045,C0579,Automotriz,618000.0,0.92,12,2024-12-27,30 días mora,Buenos Aires
P0046,C0179,Hipotecario,182000.0,0.75,48,2023-03-31,Al día,CABA
P0047,C0778,Personal,170000.0,1.36,60,2023-02-12,Al día,Rosario
P0048,C0320,Automotriz,359000.0,0.68,24,2023-02-11,Al día,Córdoba
P0049,C0078,Personal,63000.0,0.66,60,2023-01-03,Al día,Buenos Aires
P0050,C0368,Hipotecario,126000.0,0.86,12,2024-01-15,60 días mora,Córdoba
P0051,C0421,Consumo,28000.0,1.26,24,2023-07-17,Al día,Buenos Aires
P0052,C0612,Consumo,263000.0,0.92,36,2023-11-20,30 días mora,Córdoba
P0053,C0100,Automotriz,658000.0,1.42,24,2024-03-19,Al día,Buenos Aires
P0054,C0185,Personal,240000.0,1.72,36,2023-02-02,60 días mora,CABA
P0055,C0232,Hipotecario,1382000.0,1.8,60,2023-11-03,Al día,Santa Fe
P0056,C0831,Consumo,189000.0,0.7,12,2024-10-17,Al día,Buenos Aires
P0057,C0848,Automotriz,125000.0,1.46,36,2023-02-20,Al día,CABA
P0058,C0771,PyME,226000.0,1.11,36,2024-05-07,30 días mora,Buenos Aires
P0059,C0763,Automotriz,119000.0,1.19,48,2024-04-24,Al día,Buenos Aires
P0060,C0879,Consumo,232000.0,0.87,36,2024-01-23,Al día,Santa Fe
P0061,C0223,Personal,140000.0,0.76,24,2024-11-03,Al día,Tucumán
P0062,C0527,Automotriz,29000.0,1.24,48,2023-11-06,90+ días mora,CABA
P0063,C0873,Consumo,31000.0,1.78,24,2024-08-20,Al día,Buenos Aires
P0064,C0441,Automotriz,241000.0,1.55,60,2023-08-08,30 días mora,CABA
P0065,C0492,Consumo,171000.0,0.6,36,2024-07-18,Al día,Córdoba
P0066,C0845,Personal,609000.0,1.37,48,2023-04-04,Al día,Rosario
P0067,C0757,Personal,120000.0,1.69,24,2024-06-03,Al día,Mendoza
P0068,C0101,Hipotecario,124000.0,1.32,36,2023-10-11,Cancelado,Santa Fe
P0069,C0616,Personal,166000.0,1.36,60,2023-03-14,30 días mora,Santa Fe
P0070,C0940,Automotriz,279000.0,1.61,60,2023-05-26,30 días mora,Mendoza
P0071,C0850,Consumo,614000.0,1.51,12,2023-04-23,Al día,CABA
P0072,C0818,Consumo,197000.0,1.06,48,2024-02-13,Al día,Buenos Aires
P0073,C0992,Personal,63000.0,0.55,36,2024-07-18,Al día,CABA
P0074,C0485,Automotriz,77000.0,0.91,24,2024-05-12,Al día,Córdoba
P0075,C0013,Personal,314000.0,1.77,36,2024-09-23,Al día,CABA
P0076,C0036,Automotriz,45000.0,1.51,60,2024-06-21,Al día,Santa Fe
P0077,C0673,Personal,209000.0,1.03,36,2024-06-28,Al día,CABA
P0078,C0871,Consumo,62000.0,0.73,60,2024-08-22,Cancelado,Buenos Aires
P0079,C0123,Automotriz,57000.0,1.69,24,2023-05-11,30 días mora,CABA
P0080,C0499,Hipotecario,230000.0,1.18,36,2024-01-19,Al día,Mendoza
P0081,C0983,Personal,127000.0,1.01,12,2023-06-23,Al día,Santa Fe
P0082,C0188,Automotriz,23000.0,1.62,12,2024-10-28,Al día,CABA
P0083,C0288,Consumo,135000.0,1.12,60,2023-10-11,Al día,Córdoba
P0084,C0580,Automotriz,63000.0,1.74,60,2024-02-19,Cancelado,Córdoba
P0085,C0809,PyME,86000.0,1.53,60,2023-05-20,Al día,Santa Fe
P0086,C0286,Personal,41000.0,1.1,12,2024-10-28,Al día,Buenos Aires
P0087,C0457,Personal,178000.0,1.36,60,2024-07-03,Al día,CABA
P0088,C0773,Automotriz,284000.0,1.22,24,2024-08-13,Al día,Buenos Aires
P0089,C0398,Consumo,61000.0,1.15,12,2024-12-15,90+ días mora,Buenos Aires
P0090,C0086,Personal,366000.0,1.6,36,2024-04-11,Al día,Rosario
P0091,C0454,PyME,169000.0,1.58,60,2023-09-21,Al día,CABA
P0092,C0431,Hipotecario,365000.0,1.15,48,2024-10-20,Al día,Córdoba
P0093,C0667,Personal,195000.0,1.57,60,2024-05-15,Al día,Córdoba
P0094,C0091,Hipotecario,201000.0,0.75,48,2024-04-11,Cancelado,Córdoba
P0095,C0052,Consumo,245000.0,1.51,24,2023-08-01,Cancelado,Rosario
P0096,C0186,PyME,143000.0,1.0,36,2024-11-25,90+ días mora,Buenos Aires
P0097,C0166,Personal,279000.0,0.71,12,2023-02-16,Al día,Buenos Aires
P0098,C0226,Personal,81000.0,0.63,48,2024-12-02,60 días mora,CABA
P0099,C0321,Hipotecario,238000.0,1.4,24,2023-10-28,Al día,Córdoba
P0100,C0750,Automotriz,89000.0,1.27,60,2024-12-21,60 días mora,Buenos Aires
P0101,C0646,Personal,44000.0,0.94,24,2024-04-26,Al día,CABA
P0102,C0433,Hipotecario,439000.0,1.77,60,2024-06-21,30 días mora,Rosario
P0103,C0049,Consumo,222000.0,0.91,36,2023-03-06,30 días mora,CABA
P0104,C0175,Automotriz,17000.0,1.04,48,2023-04-05,Al día,Buenos Aires
P0105,C0468,Automotriz,450000.0,0.65,24,2024-07-03,30 días mora,CABA
P0106,C0682,Automotriz,179000.0,1.69,48,2023-04-02,60 días mora,Rosario
P0107,C0761,Personal,166000.0,1.47,24,2024-05-24,Al día,Santa Fe
P0108,C0178,Consumo,984000.0,0.99,60,2024-02-14,Al día,Rosario
P0109,C0918,PyME,117000.0,1.75,48,2024-01-28,Al día,Buenos Aires
P0110,C0539,Consumo,134000.0,1.7,24,2023-04-10,Al día,CABA
P0111,C0896,Hipotecario,97000.0,1.8,24,2023-06-28,Al día,Santa Fe
P0112,C0688,PyME,2325000.0,1.18,36,2024-01-17,Al día,Rosario
P0113,C0833,Automotriz,173000.0,1.17,36,2023-12-09,60 días mora,Buenos Aires
P0114,C0628,Automotriz,591000.0,1.25,12,2023-03-15,Al día,Córdoba
P0115,C0038,Personal,624000.0,1.1,12,2023-05-30,30 días mora,CABA
P0116,C0212,Consumo,66000.0,1.47,12,2023-07-01,Cancelado,Buenos Aires
P0117,C0913,Personal,408000.0,1.12,60,2024-09-19,60 días mora,CABA
P0118,C0437,Personal,104000.0,0.7,60,2023-12-22,90+ días mora,CABA
P0119,C0074,Consumo,136000.0,0.99,60,2023-09-25,Al día,Buenos Aires
P0120,C0035,Hipotecario,68000.0,1.5,60,2023-02-10,Al día,Mendoza
P0121,C0677,Personal,171000.0,1.37,48,2023-08-27,Al día,Santa Fe
P0122,C0502,Consumo,131000.0,0.56,36,2023-09-19,Al día,Buenos Aires
P0123,C0651,Personal,357000.0,1.05,24,2024-12-02,60 días mora,Mendoza
P0124,C0788,Hipotecario,98000.0,0.67,12,2024-01-13,30 días mora,Buenos Aires
P0125,C0098,Personal,59000.0,1.41,60,2023-02-22,Al día,Córdoba
P0126,C0570,Consumo,296000.0,1.79,36,2024-10-19,90+ días mora,CABA
P0127,C0136,Automotriz,472000.0,0.99,24,2023-11-28,Al día,CABA
P0128,C0589,Consumo,331000.0,1.6,60,2023-09-22,Al día,CABA
P0129,C0509,Personal,436000.0,1.63,12,2023-01-24,Al día,Córdoba
P0130,C0494,Personal,161000.0,1.31,24,2024-02-17,Al día,CABA
P0131,C0039,Hipotecario,21000.0,0.6,12,2024-01-21,Al día,Buenos Aires
P0132,C0519,Personal,32000.0,0.78,60,2023-01-14,Al día,Santa Fe
P0133,C0465,Consumo,350000.0,1.41,48,2024-10-20,Al día,Buenos Aires
P0134,C0346,PyME,128000.0,0.65,12,2024-01-04,Al día,CABA
P0135,C0966,Automotriz,68000.0,1.64,48,2024-10-01,Al día,Buenos Aires
P0136,C0793,Hipotecario,278000.0,1.35,60,2023-06-24,Al día,Buenos Aires
P0137,C0638,Hipotecario,729000.0,0.56,24,2023-12-26,Al día,Buenos Aires
P0138,C0378,Consumo,268000.0,0.8,60,2024-01-17,Al día,Tucumán
P0139,C0217,Personal,1049000.0,1.56,24,2023-10-30,Al día,Santa Fe
P0140,C0331,Consumo,55000.0,1.52,24,2023-08-21,Al día,Santa Fe
P0141,C0858,Personal,836000.0,0.57,12,2024-05-19,Al día,Córdoba
P0142,C0022,PyME,40000.0,1.09,12,2024-12-18,Al día,Córdoba
P0143,C0065,Personal,17000.0,1.02,48,2023-08-24,Al día,Córdoba
P0144,C0594,Consumo,82000.0,1.47,24,2024-07-10,Al día,Santa Fe
P0145,C0294,Automotriz,177000.0,0.62,60,2023-07-07,30 días mora,Rosario
P0146,C0001,Personal,403000.0,1.06,48,2024-01-12,Al día,CABA
P0147,C0343,Personal,330000.0,0.75,48,2023-08-09,30 días mora,Buenos Aires
P0148,C0403,Consumo,133000.0,0.56,48,2024-01-16,Al día,Buenos Aires
P0149,C0795,Automotriz,202000.0,1.4,48,2024-03-09,Al día,Santa Fe
P0150,C0057,PyME,367000.0,1.11,24,2024-03-23,Al día,Buenos Aires
P0151,C0912,Automotriz,131000.0,1.17,60,2024-07-03,90+ días mora,Buenos Aires
P0152,C0229,Personal,339000.0,1.15,48,2024-08-08,Al día,CABA
P0153,C0755,Personal,48000.0,1.69,36,2024-07-14,30 días mora,Buenos Aires
P0154,C0093,Hipotecario,357000.0,1.33,60,2024-07-12,90+ días mora,Mendoza
P0155,C0767,Automotriz,175000.0,1.28,36,2023-05-25,Al día,Santa Fe
P0156,C0236,Consumo,221000.0,1.67,48,2023-08-28,60 días mora,Santa Fe
P0157,C0200,Consumo,404000.0,0.61,60,2023-04-03,30 días mora,Rosario
P0158,C0825,Personal,143000.0,1.51,36,2024-08-17,Al día,CABA
P0159,C0090,Consumo,684000.0,0.8,36,2023-05-16,30 días mora,Buenos Aires
P0160,C0501,Personal,112000.0,1.05,60,2023-09-04,Cancelado,Buenos Aires
P0161,C0991,Automotriz,254000.0,1.52,36,2023-09-27,Al día,Buenos Aires
P0162,C0691,Automotriz,35000.0,1.61,12,2023-11-12,Al día,Buenos Aires
P0163,C0250,Automotriz,17000.0,0.57,24,2023-01-16,Al día,Santa Fe
P0164,C0657,Automotriz,273000.0,1.15,24,2024-04-05,Al día,Mendoza
P0165,C0115,Personal,350000.0,1.49,24,2024-04-08,Al día,Rosario
P0166,C0014,Personal,37000.0,1.23,48,2023-12-10,90+ días mora,Mendoza
P0167,C0132,Hipotecario,14000.0,1.18,60,2024-11-06,Cancelado,Mendoza
P0168,C0204,Personal,250000.0,1.68,24,2024-07-22,Al día,Rosario
P0169,C0463,Personal,131000.0,0.79,48,2023-08-24,Al día,Buenos Aires
P0170,C0438,Consumo,117000.0,1.09,48,2023-01-20,Al día,Buenos Aires
P0171,C0723,Personal,174000.0,0.91,24,2024-12-30,Al día,Santa Fe
P0172,C0376,Automotriz,272000.0,1.58,12,2023-08-24,60 días mora,Buenos Aires
P0173,C0760,Personal,402000.0,0.87,24,2024-01-13,Al día,Rosario
P0174,C0349,Automotriz,127000.0,0.59,48,2024-04-06,60 días mora,Rosario
P0175,C0934,Personal,301000.0,0.56,60,2024-04-28,Al día,CABA
P0176,C0785,Automotriz,862000.0,0.64,48,2023-01-26,Al día,Santa Fe
P0177,C0595,Consumo,143000.0,0.79,36,2023-11-19,Al día,Buenos Aires
P0178,C0996,Personal,56000.0,0.93,12,2023-04-29,60 días mora,Córdoba
P0179,C0303,Personal,138000.0,0.75,36,2023-08-12,Al día,Buenos Aires
P0180,C0846,Personal,124000.0,1.68,12,2024-02-13,Al día,Santa Fe
P0181,C0547,Personal,163000.0,0.76,12,2024-02-24,90+ días mora,Córdoba
P0182,C0929,PyME,732000.0,0.71,12,2023-06-25,Al día,Mendoza
P0183,C0787,Hipotecario,459000.0,1.58,36,2023-05-14,60 días mora,Buenos Aires
P0184,C0921,Consumo,21000.0,1.37,24,2024-03-04,Al día,Rosario
P0185,C0835,Automotriz,54000.0,0.7,36,2023-08-13,Al día,Mendoza
P0186,C0379,PyME,172000.0,1.3,60,2024-12-09,Al día,Santa Fe
P0187,C0631,Consumo,242000.0,0.91,36,2024-12-12,Al día,CABA
P0188,C0534,Hipotecario,299000.0,1.25,12,2024-04-18,Al día,Mendoza
P0189,C0956,Personal,739000.0,1.5,48,2024-05-10,Al día,CABA
P0190,C0924,Consumo,278000.0,0.89,36,2024-11-27,Al día,Buenos Aires
P0191,C0312,Personal,556000.0,0.61,36,2023-07-24,Al día,CABA
P0192,C0695,Consumo,233000.0,1.13,24,2023-10-29,Al día,Buenos Aires
P0193,C0071,Hipotecario,266000.0,1.51,24,2024-04-18,30 días mora,Tucumán
P0194,C0307,Automotriz,340000.0,0.9,48,2024-09-22,Al día,Buenos Aires
P0195,C0571,Personal,120000.0,1.42,48,2024-02-09,Al día,Mendoza
P0196,C0369,Personal,79000.0,1.22,48,2024-09-28,Al día,Mendoza
P0197,C0435,Personal,182000.0,1.45,24,2024-08-10,Al día,CABA
P0198,C0526,Personal,381000.0,0.7,48,2024-05-09,Al día,Buenos Aires
P0199,C0736,Personal,350000.0,1.67,60,2023-05-27,60 días mora,Buenos Aires
P0200,C0002,Automotriz,161000.0,1.62,24,2023-10-14,Al día,CABA
P0201,C0169,Personal,469000.0,1.24,24,2024-01-04,30 días mora,Buenos Aires
P0202,C0253,Personal,252000.0,1.72,24,2024-02-25,Cancelado,CABA
P0203,C0804,Hipotecario,66000.0,1.16,24,2023-08-05,30 días mora,Córdoba
P0204,C0230,Automotriz,296000.0,1.07,36,2024-08-15,Al día,Mendoza
P0205,C0741,Personal,172000.0,1.54,60,2023-10-23,Al día,Buenos Aires
P0206,C0504,Consumo,426000.0,0.85,24,2023-04-02,Al día,Buenos Aires
P0207,C0381,Personal,250000.0,1.52,36,2023-09-19,Al día,CABA
P0208,C0027,Personal,258000.0,1.23,24,2024-11-09,Al día,Córdoba
P0209,C0459,Personal,77000.0,0.79,60,2024-05-23,Al día,Santa Fe
P0210,C0820,Personal,149000.0,0.94,24,2024-01-31,Al día,Tucumán
P0211,C0708,Personal,1450000.0,1.41,36,2024-02-06,Al día,CABA
P0212,C0637,Hipotecario,18000.0,1.67,48,2023-04-07,60 días mora,Córdoba
P0213,C0412,Automotriz,52000.0,1.65,24,2023-08-12,Cancelado,Santa Fe
P0214,C0330,PyME,51000.0,1.62,60,2023-06-20,60 días mora,CABA
P0215,C0660,Automotriz,118000.0,0.73,60,2023-03-19,Cancelado,CABA
P0216,C0586,Consumo,184000.0,0.59,48,2024-11-22,Al día,Córdoba
P0217,C0061,Hipotecario,72000.0,1.07,60,2023-05-10,30 días mora,Santa Fe
P0218,C0672,Consumo,181000.0,0.98,48,2024-12-27,Al día,Tucumán
P0219,C0976,Automotriz,162000.0,1.76,24,2024-12-10,30 días mora,CABA
P0220,C0898,Automotriz,68000.0,1.15,60,2023-01-16,60 días mora,Buenos Aires
P0221,C0776,Hipotecario,35000.0,1.24,48,2023-10-28,Al día,Buenos Aires
P0222,C0429,Consumo,118000.0,1.23,12,2023-07-18,Cancelado,CABA
P0223,C0676,Personal,284000.0,0.84,60,2024-09-22,Al día,Rosario
P0224,C0935,Automotriz,297000.0,1.47,24,2023-05-19,Al día,CABA
P0225,C0915,PyME,43000.0,0.79,60,2024-01-01,30 días mora,CABA
P0226,C0173,Personal,595000.0,1.44,48,2024-10-09,Al día,Santa Fe
P0227,C0484,Personal,40000.0,1.65,60,2023-10-11,Al día,Buenos Aires
P0228,C0862,Personal,449000.0,0.78,24,2024-02-14,Al día,Buenos Aires
P0229,C0395,Hipotecario,876000.0,1.32,48,2024-07-13,Al día,Tucumán
P0230,C0639,Automotriz,118000.0,0.79,36,2024-12-30,Al día,CABA
P0231,C0916,Personal,232000.0,1.75,48,2024-09-09,Al día,Mendoza
P0232,C0161,Automotriz,98000.0,1.48,60,2023-07-05,30 días mora,Buenos Aires
P0233,C0191,Consumo,52000.0,0.83,60,2024-08-04,30 días mora,CABA
P0234,C0305,Hipotecario,133000.0,1.01,12,2024-09-06,Al día,Tucumán
P0235,C0073,Personal,135000.0,0.82,60,2024-08-23,Al día,Buenos Aires
P0236,C0029,Automotriz,113000.0,0.77,36,2024-09-28,Al día,Buenos Aires
P0237,C0231,Automotriz,90000.0,0.86,12,2024-06-16,Al día,Santa Fe
P0238,C0114,PyME,101000.0,1.68,12,2023-09-23,Al día,Buenos Aires
P0239,C0860,PyME,219000.0,1.22,36,2024-08-21,Al día,Buenos Aires
P0240,C0979,Personal,183000.0,0.92,60,2024-03-05,30 días mora,Buenos Aires
P0241,C0887,Personal,1053000.0,0.72,48,2024-03-17,Al día,Buenos Aires
P0242,C0392,PyME,229000.0,0.84,60,2023-06-21,Al día,Mendoza
P0243,C0926,Automotriz,346000.0,1.13,60,2023-09-17,Al día,Buenos Aires
P0244,C0546,Personal,684000.0,0.89,36,2023-01-29,Al día,Córdoba
P0245,C0060,Personal,303000.0,1.79,48,2024-01-09,Al día,Buenos Aires
P0246,C0592,Consumo,207000.0,0.67,36,2023-01-05,Al día,Buenos Aires
P0247,C0140,Consumo,42000.0,1.75,60,2024-05-14,90+ días mora,Mendoza
P0248,C0280,Personal,110000.0,1.42,60,2023-07-18,60 días mora,Tucumán
P0249,C0259,Personal,96000.0,1.0,24,2024-12-26,90+ días mora,Buenos Aires
P0250,C0271,Automotriz,306000.0,0.92,24,2023-03-24,Al día,CABA
P0251,C0585,Automotriz,1275000.0,0.61,12,2024-03-11,30 días mora,Santa Fe
P0252,C0989,Consumo,109000.0,1.67,12,2024-01-15,30 días mora,Córdoba
P0253,C0347,Personal,51000.0,1.51,36,2023-09-13,30 días mora,Santa Fe
P0254,C0706,PyME,623000.0,1.36,12,2024-04-20,Al día,CABA
P0255,C0985,Personal,117000.0,1.51,60,2024-09-25,Al día,CABA
P0256,C0072,Automotriz,43000.0,1.33,48,2023-08-28,Cancelado,Buenos Aires
P0257,C0997,Personal,66000.0,1.15,60,2023-12-10,60 días mora,CABA
P0258,C0568,Hipotecario,176000.0,1.76,24,2023-07-17,Al día,Córdoba
P0259,C0183,Personal,241000.0,1.51,12,2024-12-23,Al día,Santa Fe
P0260,C0847,Consumo,364000.0,1.22,36,2023-03-22,30 días mora,Rosario
P0261,C0781,Consumo,205000.0,1.73,12,2024-08-19,Al día,Santa Fe
P0262,C0642,Automotriz,10000.0,1.24,60,2024-02-17,Cancelado,Córdoba
P0263,C0461,Automotriz,2036000.0,1.15,12,2023-07-22,Al día,Santa Fe
P0264,C0798,Hipotecario,101000.0,0.64,24,2024-11-02,Al día,CABA
P0265,C0790,Hipotecario,118000.0,1.73,24,2023-05-15,30 días mora,Córdoba
P0266,C0390,Consumo,373000.0,1.16,12,2024-05-22,Al día,Buenos Aires
P0267,C0296,Consumo,366000.0,1.02,60,2024-04-16,Al día,Rosario
P0268,C0386,Automotriz,485000.0,0.57,60,2023-12-01,Al día,Córdoba
P0269,C0841,Consumo,102000.0,1.56,36,2024-10-23,Al día,Santa Fe
P0270,C0859,Personal,114000.0,1.21,48,2024-04-04,Al día,Buenos Aires
P0271,C0209,PyME,144000.0,1.53,24,2024-12-28,Al día,Santa Fe
P0272,C0977,Consumo,188000.0,1.75,12,2024-09-28,Al día,CABA
P0273,C0482,Personal,134000.0,1.69,48,2024-08-09,Al día,Buenos Aires
P0274,C0737,Consumo,692000.0,1.67,24,2024-10-11,Al día,Santa Fe
P0275,C0566,PyME,18000.0,0.82,36,2024-06-09,30 días mora,CABA
P0276,C0505,Personal,976000.0,1.34,12,2024-08-28,60 días mora,Tucumán
P0277,C0327,Automotriz,444000.0,1.29,60,2024-06-23,30 días mora,Buenos Aires
P0278,C0840,Personal,293000.0,1.5,48,2024-02-18,Al día,Buenos Aires
P0279,C0010,Consumo,201000.0,0.78,60,2024-06-22,90+ días mora,Buenos Aires
P0280,C0746,Automotriz,28000.0,0.81,48,2024-01-30,Al día,CABA
P0281,C0969,Consumo,247000.0,1.43,48,2024-01-29,Al día,CABA
P0282,C0272,PyME,61000.0,1.76,24,2024-06-03,Cancelado,Buenos Aires
P0283,C0245,Consumo,109000.0,0.79,36,2024-03-20,Al día,CABA
P0284,C0277,Personal,18000.0,1.77,24,2024-04-14,Al día,Santa Fe
P0285,C0537,Consumo,171000.0,0.55,24,2024-07-03,Al día,Buenos Aires
P0286,C0149,Personal,336000.0,1.51,60,2023-11-26,Al día,Buenos Aires
P0287,C0360,Personal,127000.0,1.35,24,2024-12-18,Al día,Córdoba
P0288,C0167,PyME,207000.0,1.44,12,2023-06-10,Al día,Mendoza
P0289,C0262,Consumo,443000.0,1.59,12,2024-10-27,Al día,CABA
P0290,C0048,Consumo,103000.0,0.72,36,2024-06-25,Al día,Santa Fe
P0291,C0634,PyME,17000.0,1.16,24,2023-09-15,Al día,Santa Fe
P0292,C0720,Hipotecario,144000.0,1.68,36,2024-08-13,Al día,Córdoba
P0293,C0358,Automotriz,25000.0,1.78,12,2024-06-19,Al día,Tucumán
P0294,C0129,PyME,441000.0,1.35,12,2023-12-08,30 días mora,CABA
P0295,C0999,PyME,164000.0,1.67,36,2024-01-27,Al día,CABA
P0296,C0946,Automotriz,101000.0,0.86,12,2024-10-25,Al día,CABA
P0297,C0507,Personal,131000.0,1.52,12,2023-04-06,Al día,Buenos Aires
P0298,C0874,Automotriz,186000.0,1.63,36,2023-09-25,Al día,Mendoza
P0299,C0480,PyME,681000.0,1.74,12,2023-12-22,Al día,Buenos Aires
P0300,C0780,Consumo,181000.0,1.27,12,2024-03-25,Al día,Mendoza
P0301,C0397,Consumo,100000.0,1.78,12,2023-03-01,Al día,CABA
P0302,C0797,Personal,226000.0,1.51,36,2024-09-02,Al día,Buenos Aires
P0303,C0031,Automotriz,247000.0,1.22,60,2024-12-25,Al día,Buenos Aires
P0304,C0664,Personal,380000.0,0.63,12,2024-09-08,Al día,CABA
P0305,C0214,Consumo,116000.0,0.62,48,2023-10-06,30 días mora,Buenos Aires
P0306,C0170,Personal,59000.0,1.56,24,2023-08-10,30 días mora,Buenos Aires
P0307,C0975,Personal,111000.0,1.59,36,2024-01-05,Al día,Santa Fe
P0308,C0199,Personal,438000.0,1.66,36,2023-09-28,90+ días mora,Buenos Aires
P0309,C0712,Personal,186000.0,1.21,12,2023-05-15,Al día,CABA
P0310,C0399,Personal,110000.0,0.69,36,2023-12-18,Al día,CABA
P0311,C0721,Personal,139000.0,1.67,48,2023-07-23,30 días mora,Buenos Aires
P0312,C0608,Personal,989000.0,1.02,36,2023-05-17,Al día,Córdoba
P0313,C0159,Hipotecario,74000.0,1.39,24,2024-09-09,30 días mora,Santa Fe
P0314,C0744,Automotriz,106000.0,1.65,60,2024-06-15,Al día,Buenos Aires
P0315,C0096,Consumo,621000.0,0.72,60,2024-03-20,Al día,Córdoba
P0316,C0157,Personal,55000.0,1.33,36,2024-08-12,Al día,Buenos Aires
P0317,C0644,Personal,26000.0,1.63,60,2024-04-06,Al día,Buenos Aires
P0318,C0308,Consumo,63000.0,0.67,36,2024-03-29,Al día,CABA
P0319,C0394,Personal,126000.0,0.59,24,2024-07-31,Al día,Córdoba
P0320,C0645,Personal,91000.0,0.71,48,2024-11-27,Al día,CABA
P0321,C0109,Personal,181000.0,1.79,48,2023-06-19,30 días mora,CABA
P0322,C0573,Hipotecario,298000.0,1.46,36,2023-10-09,Al día,Buenos Aires
P0323,C0117,Consumo,460000.0,1.3,24,2023-06-06,90+ días mora,Mendoza
P0324,C0900,Consumo,179000.0,1.28,12,2024-06-03,Al día,CABA
P0325,C0260,Personal,246000.0,1.47,12,2024-11-09,30 días mora,Buenos Aires
P0326,C0700,Personal,181000.0,1.25,36,2024-08-27,Al día,CABA
P0327,C0747,Hipotecario,423000.0,0.55,12,2024-05-12,Al día,CABA
P0328,C0807,Personal,350000.0,0.83,48,2023-12-27,Al día,Córdoba
P0329,C0615,Personal,111000.0,1.46,60,2023-11-15,Cancelado,Santa Fe
P0330,C0617,Automotriz,233000.0,1.64,36,2023-10-16,60 días mora,Córdoba
P0331,C0309,Automotriz,118000.0,1.27,60,2024-03-18,Al día,CABA
P0332,C0575,Consumo,30000.0,1.29,12,2023-09-27,Al día,Buenos Aires
P0333,C0525,PyME,329000.0,1.48,48,2024-01-24,Al día,Rosario
P0334,C0323,Automotriz,280000.0,1.4,36,2023-10-09,30 días mora,Buenos Aires
P0335,C0574,Consumo,159000.0,1.71,48,2024-02-21,90+ días mora,Buenos Aires
P0336,C0047,PyME,46000.0,1.25,36,2023-12-25,Al día,Buenos Aires
P0337,C0941,Consumo,221000.0,0.86,24,2024-11-26,Al día,CABA
P0338,C0729,Personal,647000.0,1.66,48,2023-11-30,Al día,Mendoza
P0339,C0462,Automotriz,57000.0,1.62,24,2024-12-23,Al día,Santa Fe
P0340,C0799,Consumo,56000.0,1.49,24,2024-10-01,Al día,Tucumán
P0341,C0609,Hipotecario,529000.0,1.52,12,2023-01-31,Al día,Córdoba
P0342,C0487,Automotriz,2050000.0,1.77,36,2023-03-04,Al día,CABA
P0343,C0283,Hipotecario,52000.0,0.95,12,2023-05-13,Al día,Tucumán
P0344,C0021,Hipotecario,41000.0,1.6,24,2024-09-24,Al día,Buenos Aires
P0345,C0813,Hipotecario,25000.0,1.02,60,2023-03-28,Al día,CABA
P0346,C0104,Consumo,226000.0,1.63,24,2023-11-18,Al día,Buenos Aires
P0347,C0234,PyME,424000.0,1.03,36,2023-08-08,Al día,Buenos Aires
P0348,C0717,Hipotecario,160000.0,0.92,36,2024-10-07,Al día,Tucumán
P0349,C0282,PyME,359000.0,1.18,24,2023-10-11,90+ días mora,CABA
P0350,C0892,PyME,28000.0,0.57,12,2024-05-29,Al día,CABA
P0351,C0724,Hipotecario,37000.0,1.67,12,2023-09-21,30 días mora,Buenos Aires
P0352,C0658,Personal,399000.0,1.38,24,2024-04-01,60 días mora,Buenos Aires
P0353,C0015,Personal,882000.0,1.67,24,2023-04-23,30 días mora,Buenos Aires
P0354,C0479,Hipotecario,608000.0,1.03,24,2024-06-28,Cancelado,CABA
P0355,C0344,Personal,128000.0,0.69,12,2023-05-19,Al día,Buenos Aires
P0356,C0350,Personal,26000.0,0.79,36,2023-10-22,Al día,Buenos Aires
P0357,C0087,Hipotecario,162000.0,1.34,24,2024-09-11,Al día,Buenos Aires
P0358,C0554,Consumo,38000.0,1.27,12,2024-08-30,Al día,Buenos Aires
P0359,C0213,Personal,87000.0,1.79,60,2023-12-16,30 días mora,Mendoza
P0360,C0870,PyME,471000.0,1.45,12,2024-12-06,60 días mora,Mendoza
P0361,C0187,Personal,953000.0,0.78,60,2024-10-30,30 días mora,Mendoza
P0362,C0290,Automotriz,161000.0,0.69,36,2024-06-19,Al día,Buenos Aires
P0363,C0669,Automotriz,16000.0,1.62,48,2024-03-28,Al día,Santa Fe
P0364,C0357,Hipotecario,395000.0,0.75,48,2024-01-11,90+ días mora,Buenos Aires
P0365,C0678,Automotriz,181000.0,0.58,48,2023-07-19,Al día,CABA
P0366,C0281,Consumo,857000.0,1.53,12,2023-01-04,Al día,Rosario
P0367,C0593,Hipotecario,222000.0,0.96,12,2024-05-26,Al día,Rosario
P0368,C0418,Hipotecario,349000.0,0.76,48,2024-05-23,Al día,CABA
P0369,C0508,Automotriz,1262000.0,1.71,24,2023-12-13,Al día,Tucumán
P0370,C0119,Automotriz,83000.0,0.8,12,2024-12-03,Al día,Mendoza
P0371,C0939,Consumo,403000.0,1.48,24,2023-03-12,Al día,CABA
P0372,C0012,Personal,115000.0,1.25,12,2024-08-05,Al día,Mendoza
P0373,C0869,Consumo,407000.0,0.98,12,2023-11-02,30 días mora,CABA
P0374,C0536,Consumo,264000.0,1.27,12,2023-10-09,90+ días mora,CABA
P0375,C0419,PyME,253000.0,1.71,36,2023-07-31,Al día,CABA
P0376,C0823,Automotriz,20000.0,1.65,12,2024-10-05,Al día,CABA
P0377,C0244,Automotriz,89000.0,1.64,48,2023-07-02,Al día,Buenos Aires
P0378,C0198,Automotriz,47000.0,1.07,60,2023-09-17,30 días mora,Rosario
P0379,C0601,Consumo,32000.0,1.69,60,2024-10-12,Al día,Santa Fe
P0380,C0318,Automotriz,108000.0,1.49,48,2024-12-26,30 días mora,Buenos Aires
P0381,C0134,Personal,600000.0,0.93,12,2024-11-25,Al día,Santa Fe
P0382,C0102,Automotriz,69000.0,1.03,12,2024-08-20,Al día,Buenos Aires
P0383,C0285,Hipotecario,291000.0,0.77,24,2024-01-18,Al día,Córdoba
P0384,C0909,Automotriz,174000.0,1.21,12,2024-04-22,30 días mora,Santa Fe
P0385,C0906,Automotriz,58000.0,0.58,60,2024-01-25,Al día,Buenos Aires
P0386,C0008,Personal,740000.0,1.18,60,2024-09-05,Al día,Mendoza
P0387,C0382,Automotriz,131000.0,1.34,36,2023-09-21,Cancelado,Córdoba
P0388,C0020,Consumo,36000.0,1.03,60,2023-07-23,Al día,CABA
P0389,C0792,Personal,435000.0,1.72,48,2023-02-01,Al día,CABA
P0390,C0703,Automotriz,412000.0,0.85,24,2024-09-13,Al día,Santa Fe
P0391,C0224,Hipotecario,54000.0,1.15,48,2023-12-26,Al día,Córdoba
P0392,C0503,Personal,559000.0,1.7,12,2023-03-25,Al día,CABA
P0393,C0121,Consumo,120000.0,1.54,12,2023-11-26,Al día,Buenos Aires
P0394,C0640,Hipotecario,340000.0,0.63,12,2023-06-04,Al día,Buenos Aires
P0395,C0822,Automotriz,48000.0,1.51,12,2024-11-29,90+ días mora,CABA
P0396,C0948,Personal,88000.0,1.48,48,2024-05-10,Al día,Córdoba
P0397,C0659,Personal,76000.0,0.59,60,2024-03-22,30 días mora,Santa Fe
P0398,C0293,Personal,353000.0,1.65,12,2023-03-03,90+ días mora,Buenos Aires
P0399,C0238,Personal,143000.0,1.24,12,2023-04-08,60 días mora,CABA
P0400,C0158,Hipotecario,84000.0,1.62,24,2023-10-15,Al día,Rosario
P0401,C0469,Automotriz,162000.0,1.7,24,2023-12-31,Al día,Santa Fe
P0402,C0278,Hipotecario,20000.0,0.55,48,2024-11-02,90+ días mora,Buenos Aires
P0403,C0391,Automotriz,52000.0,0.87,24,2024-07-06,Al día,Córdoba
P0404,C0377,Consumo,1401000.0,1.24,36,2024-02-28,90+ días mora,Córdoba
P0405,C0033,Personal,76000.0,1.65,12,2024-05-26,Al día,Santa Fe
P0406,C0393,PyME,159000.0,1.45,24,2023-06-24,Cancelado,Buenos Aires
P0407,C0361,Automotriz,154000.0,0.93,36,2023-05-26,60 días mora,Buenos Aires
P0408,C0242,Automotriz,440000.0,0.97,36,2024-10-22,Al día,Córdoba
P0409,C0076,Automotriz,403000.0,1.38,48,2023-05-25,Al día,CABA
P0410,C0904,Hipotecario,404000.0,1.54,48,2024-01-14,Al día,CABA
P0411,C0832,Automotriz,94000.0,1.7,48,2023-06-01,Al día,Buenos Aires
P0412,C0146,Consumo,762000.0,1.45,24,2023-03-11,Al día,Tucumán
P0413,C0139,Automotriz,472000.0,1.61,12,2023-01-17,Al día,Córdoba
P0414,C0974,Consumo,70000.0,1.38,36,2024-12-29,Al día,Santa Fe
P0415,C0627,Personal,142000.0,1.35,36,2024-06-22,Al día,Mendoza
P0416,C0962,Personal,36000.0,0.99,48,2023-03-10,Al día,Rosario
P0417,C0081,Consumo,134000.0,0.55,48,2024-09-09,Al día,Mendoza
P0418,C0434,Hipotecario,90000.0,1.26,24,2024-09-22,Al día,Buenos Aires
P0419,C0560,Personal,108000.0,1.29,48,2023-11-14,Al día,Santa Fe
P0420,C0751,Personal,304000.0,1.02,24,2024-03-31,60 días mora,CABA
P0421,C0252,Hipotecario,267000.0,1.22,60,2024-01-12,30 días mora,Santa Fe
P0422,C0256,Hipotecario,97000.0,0.67,12,2024-04-28,Al día,CABA
P0423,C0416,Automotriz,129000.0,0.95,36,2024-01-08,90+ días mora,Mendoza
P0424,C0197,Consumo,13000.0,1.07,12,2024-09-06,60 días mora,Mendoza
P0425,C0772,Personal,62000.0,1.2,48,2023-05-05,Al día,Buenos Aires
P0426,C0731,Personal,68000.0,1.41,36,2023-06-12,Al día,CABA
P0427,C0550,Automotriz,54000.0,1.62,12,2023-11-06,Al día,Santa Fe
P0428,C0800,Automotriz,60000.0,1.59,48,2024-09-14,Al día,Santa Fe
P0429,C0142,PyME,263000.0,0.82,60,2024-11-04,30 días mora,Mendoza
P0430,C0784,Personal,138000.0,1.12,48,2023-12-30,Al día,Tucumán
P0431,C0481,Personal,56000.0,1.75,12,2023-03-12,Al día,Buenos Aires
P0432,C0648,Personal,265000.0,1.18,36,2023-09-06,30 días mora,CABA
P0433,C0661,Personal,44000.0,1.39,60,2024-08-29,Al día,Mendoza
P0434,C0138,Hipotecario,26000.0,0.82,48,2024-01-31,30 días mora,Tucumán
P0435,C0685,Personal,23000.0,1.13,12,2024-02-23,Al día,Buenos Aires
P0436,C0857,Personal,102000.0,0.89,48,2023-10-08,Al día,Córdoba
P0437,C0251,PyME,592000.0,1.45,60,2024-03-12,90+ días mora,Buenos Aires
P0438,C0919,Automotriz,84000.0,0.6,36,2024-01-13,Al día,CABA
P0439,C0172,Hipotecario,329000.0,1.44,48,2023-05-01,Al día,Buenos Aires
P0440,C0803,Personal,73000.0,0.66,48,2024-12-09,30 días mora,CABA
P0441,C0425,Personal,136000.0,0.62,60,2023-10-21,30 días mora,Buenos Aires
P0442,C0931,Personal,274000.0,0.66,24,2024-05-19,30 días mora,Buenos Aires
P0443,C0284,Personal,286000.0,1.74,48,2024-04-16,Al día,CABA
P0444,C0739,Personal,42000.0,1.53,60,2024-05-06,Cancelado,Buenos Aires
P0445,C0092,Automotriz,316000.0,0.66,12,2023-05-01,Al día,Santa Fe
P0446,C0004,Personal,125000.0,1.38,24,2024-07-25,Al día,Buenos Aires
P0447,C0955,Personal,528000.0,1.33,48,2023-03-11,Al día,CABA
P0448,C0292,Consumo,308000.0,1.75,48,2024-08-06,Al día,Santa Fe
P0449,C0011,Hipotecario,772000.0,1.23,60,2024-04-20,Al día,Mendoza
P0450,C0650,Personal,1604000.0,1.53,60,2023-07-24,Al día,Buenos Aires
P0451,C0540,Consumo,320000.0,1.36,48,2023-10-30,Al día,Santa Fe
P0452,C0147,PyME,574000.0,1.07,36,2023-06-09,30 días mora,Santa Fe
P0453,C0936,Consumo,130000.0,0.71,12,2023-01-27,90+ días mora,Buenos Aires
P0454,C0766,Personal,230000.0,1.53,48,2023-04-09,Al día,Córdoba
P0455,C0337,PyME,405000.0,1.71,24,2024-07-20,Al día,CABA
P0456,C0478,Hipotecario,434000.0,0.88,48,2023-09-06,Al día,Buenos Aires
P0457,C0422,Consumo,263000.0,0.82,24,2023-08-24,30 días mora,Mendoza
P0458,C0897,Consumo,282000.0,0.7,60,2023-12-17,Al día,Córdoba
P0459,C0387,Personal,1068000.0,1.72,48,2023-07-13,Al día,Buenos Aires
P0460,C0531,Consumo,114000.0,1.63,24,2024-11-24,Al día,Córdoba
P0461,C0779,Personal,160000.0,0.57,24,2024-12-07,60 días mora,Buenos Aires
P0462,C0699,Personal,134000.0,0.74,12,2024-04-09,Al día,Santa Fe
P0463,C0017,Hipotecario,89000.0,1.22,36,2023-06-08,Al día,CABA
P0464,C0607,Consumo,264000.0,0.57,36,2023-12-24,Al día,CABA
P0465,C0701,Consumo,325000.0,1.3,36,2023-08-15,Al día,Buenos Aires
P0466,C0950,Automotriz,494000.0,1.1,12,2024-08-08,30 días mora,Santa Fe
P0467,C0694,PyME,17000.0,1.11,12,2023-12-18,60 días mora,Santa Fe
P0468,C0164,Automotriz,204000.0,1.08,24,2023-01-20,60 días mora,Mendoza
P0469,C0233,Consumo,418000.0,0.58,12,2024-03-31,60 días mora,Mendoza
P0470,C0163,Automotriz,199000.0,1.43,24,2024-11-24,Al día,Buenos Aires
P0471,C0103,Personal,326000.0,0.66,48,2023-11-05,30 días mora,Buenos Aires
P0472,C0988,Hipotecario,153000.0,0.8,24,2023-11-07,Al día,CABA
P0473,C0598,Personal,357000.0,0.72,36,2024-04-25,Al día,Córdoba
P0474,C0652,Personal,30000.0,1.19,12,2024-10-11,Al día,Rosario
P0475,C0189,Automotriz,130000.0,1.23,12,2024-11-30,Al día,Córdoba
P0476,C0192,Personal,179000.0,0.94,60,2024-08-30,30 días mora,CABA
P0477,C0663,Personal,253000.0,0.76,12,2024-09-24,90+ días mora,Buenos Aires
P0478,C0968,Automotriz,277000.0,1.58,48,2024-03-10,Al día,Mendoza
P0479,C0062,PyME,452000.0,1.78,36,2024-09-30,30 días mora,Buenos Aires
P0480,C0446,Hipotecario,884000.0,1.3,24,2024-11-11,Al día,Santa Fe
P0481,C0340,Hipotecario,333000.0,1.39,12,2024-07-29,30 días mora,Buenos Aires
P0482,C0451,Automotriz,46000.0,1.12,24,2023-09-12,Al día,Santa Fe
P0483,C0528,Personal,181000.0,0.77,24,2024-11-11,Al día,Buenos Aires
P0484,C0019,Hipotecario,72000.0,1.44,36,2024-07-29,Al día,CABA
P0485,C0796,Personal,148000.0,1.57,24,2023-06-03,30 días mora,Buenos Aires
P0486,C0633,Personal,135000.0,1.7,24,2024-08-08,Al día,Buenos Aires
P0487,C0248,Consumo,64000.0,0.81,12,2024-06-16,Al día,Buenos Aires
P0488,C0558,PyME,179000.0,1.54,24,2024-12-25,60 días mora,Buenos Aires
P0489,C0051,Personal,209000.0,1.01,48,2024-08-06,Al día,CABA
P0490,C0131,Hipotecario,75000.0,1.5,60,2023-09-08,60 días mora,Santa Fe
P0491,C0401,Consumo,930000.0,0.81,48,2023-09-01,30 días mora,Rosario
P0492,C0042,Hipotecario,240000.0,0.93,36,2023-11-21,Al día,Buenos Aires
P0493,C0905,Hipotecario,193000.0,0.76,36,2024-06-20,Al día,Buenos Aires
P0494,C0111,Consumo,64000.0,1.38,12,2023-11-05,Al día,Buenos Aires
P0495,C0024,Personal,157000.0,1.72,12,2023-11-10,Al día,Buenos Aires
P0496,C0210,Automotriz,411000.0,1.69,48,2024-09-02,30 días mora,Mendoza
P0497,C0960,Personal,237000.0,1.54,60,2023-04-15,Al día,CABA
P0498,C0203,Consumo,428000.0,1.5,12,2024-03-28,Al día,Mendoza
P0499,C0802,Personal,203000.0,1.64,12,2024-06-09,30 días mora,Santa Fe
P0500,C0903,Hipotecario,499000.0,1.4,24,2024-08-08,Al día,Córdoba
P0501,C0894,Automotriz,48000.0,1.33,36,2024-03-04,Al día,Córdoba
P0502,C0471,Automotriz,76000.0,1.03,12,2023-05-06,Al día,Tucumán
P0503,C0713,Hipotecario,415000.0,1.57,48,2023-10-23,Al día,Santa Fe
P0504,C0624,Personal,323000.0,1.6,60,2024-09-05,Al día,CABA
P0505,C0028,Consumo,61000.0,0.73,36,2024-07-28,Al día,Buenos Aires
P0506,C0406,Personal,97000.0,0.95,24,2023-11-27,Al día,Buenos Aires
P0507,C0541,Personal,1015000.0,0.85,60,2024-06-21,Al día,CABA
P0508,C0687,Consumo,683000.0,1.33,12,2023-06-03,Al día,Mendoza
P0509,C0516,Personal,124000.0,1.41,12,2024-05-24,Cancelado,Córdoba
P0510,C0782,Personal,24000.0,1.18,36,2023-02-05,90+ días mora,CABA
P0511,C0961,Personal,76000.0,0.89,48,2023-07-11,30 días mora,Mendoza
P0512,C0023,Personal,390000.0,0.64,36,2023-05-22,Al día,Santa Fe
P0513,C0477,Automotriz,229000.0,1.04,12,2023-06-08,Al día,CABA
P0514,C0353,Personal,91000.0,0.76,12,2023-09-20,Al día,Buenos Aires
P0515,C0207,Automotriz,731000.0,1.71,12,2023-02-12,90+ días mora,Buenos Aires
P0516,C0426,Personal,123000.0,0.62,60,2024-07-13,Al día,Rosario
P0517,C0265,Personal,192000.0,1.58,48,2023-12-07,Al día,Buenos Aires
P0518,C0591,Personal,268000.0,1.09,48,2023-05-23,Al día,Buenos Aires
P0519,C0838,Hipotecario,169000.0,1.24,24,2024-08-29,30 días mora,Córdoba
P0520,C0069,Hipotecario,602000.0,0.7,12,2024-05-02,Al día,CABA
P0521,C0414,Personal,531000.0,1.48,12,2023-10-24,Al día,CABA
P0522,C0506,Consumo,113000.0,1.22,12,2023-09-07,Al día,Mendoza
P0523,C0597,Consumo,116000.0,0.94,24,2024-11-24,Al día,CABA
P0524,C0545,Automotriz,95000.0,1.56,24,2024-03-10,Al día,Córdoba
P0525,C0396,Personal,451000.0,0.88,12,2024-03-06,Al día,Córdoba
P0526,C0705,Consumo,418000.0,1.28,48,2024-07-16,Al día,Mendoza
P0527,C0777,Personal,89000.0,1.17,48,2024-11-27,30 días mora,CABA
P0528,C0367,Consumo,387000.0,1.16,36,2024-11-11,Cancelado,Córdoba
P0529,C0824,PyME,169000.0,1.39,24,2023-02-05,Al día,Buenos Aires
P0530,C0239,Automotriz,19000.0,0.9,48,2024-07-12,90+ días mora,Mendoza
P0531,C0432,Automotriz,253000.0,1.65,12,2023-07-24,Al día,Rosario
P0532,C0194,Consumo,77000.0,1.03,12,2023-01-08,Al día,CABA
P0533,C0316,Personal,152000.0,1.43,24,2023-06-09,Al día,CABA
P0534,C0440,Personal,57000.0,1.27,48,2024-12-27,Al día,Córdoba
P0535,C0693,Automotriz,99000.0,1.29,60,2024-03-12,Al día,Buenos Aires
P0536,C0143,Hipotecario,151000.0,1.15,12,2024-02-22,90+ días mora,Mendoza
P0537,C0927,Personal,1556000.0,0.93,36,2024-11-25,Al día,Buenos Aires
P0538,C0135,Consumo,39000.0,1.3,60,2023-02-18,Al día,Buenos Aires
P0539,C0576,PyME,828000.0,0.94,12,2023-09-27,Al día,Córdoba
P0540,C0319,PyME,25000.0,1.16,36,2024-09-14,Al día,Santa Fe
P0541,C0486,Automotriz,165000.0,1.61,48,2023-05-06,Al día,Córdoba
P0542,C0562,Consumo,66000.0,1.38,36,2023-08-03,Al día,Tucumán
P0543,C0923,Personal,86000.0,1.78,12,2023-03-13,Al día,Santa Fe
P0544,C0893,Consumo,73000.0,0.61,60,2024-12-15,30 días mora,Córdoba
P0545,C0247,Personal,103000.0,1.58,12,2023-01-04,90+ días mora,Buenos Aires
P0546,C0352,Consumo,309000.0,1.33,24,2024-01-21,90+ días mora,CABA
P0547,C0791,Hipotecario,57000.0,0.78,36,2023-09-07,Al día,Buenos Aires
P0548,C0489,Consumo,57000.0,0.92,36,2024-01-15,30 días mora,CABA
P0549,C0886,Personal,161000.0,0.87,12,2024-05-30,Al día,Buenos Aires
P0550,C0025,Automotriz,537000.0,0.76,24,2024-08-30,30 días mora,Buenos Aires
P0551,C0085,Automotriz,321000.0,1.61,24,2023-06-05,30 días mora,Tucumán
P0552,C0215,Automotriz,214000.0,0.76,36,2024-05-02,Al día,Córdoba
P0553,C0221,Personal,530000.0,1.05,48,2024-02-25,90+ días mora,Buenos Aires
P0554,C0257,Hipotecario,178000.0,1.65,36,2024-07-22,Al día,Buenos Aires
P0555,C0079,Consumo,201000.0,1.16,60,2023-04-18,Al día,Santa Fe
P0556,C0765,Hipotecario,303000.0,0.57,24,2023-10-05,Cancelado,Buenos Aires
P0557,C0206,Consumo,90000.0,1.73,24,2023-10-21,Al día,Mendoza
P0558,C0328,Automotriz,105000.0,0.62,12,2023-05-30,30 días mora,Rosario
P0559,C0812,Personal,20000.0,1.04,48,2023-10-06,Al día,Córdoba
P0560,C0605,PyME,684000.0,1.49,24,2023-11-29,30 días mora,Santa Fe
P0561,C0130,Automotriz,233000.0,1.7,12,2024-11-02,Al día,Mendoza
P0562,C0205,Automotriz,73000.0,1.68,24,2024-12-12,Al día,CABA
P0563,C0299,Personal,145000.0,0.61,60,2024-04-01,90+ días mora,CABA
P0564,C0680,Consumo,57000.0,1.51,48,2024-07-20,60 días mora,Buenos Aires
P0565,C0279,Hipotecario,320000.0,1.66,24,2023-11-28,90+ días mora,Mendoza
P0566,C0662,Hipotecario,553000.0,0.87,24,2023-02-04,30 días mora,Córdoba
P0567,C0515,Automotriz,176000.0,0.58,24,2023-07-27,60 días mora,CABA
P0568,C0806,Consumo,203000.0,1.6,60,2024-12-30,90+ días mora,Santa Fe
P0569,C0764,Hipotecario,154000.0,0.61,48,2024-11-12,Al día,Rosario
P0570,C0620,Automotriz,2263000.0,0.91,36,2023-01-19,Al día,Buenos Aires
P0571,C0044,Consumo,48000.0,1.3,36,2023-08-26,Al día,Santa Fe
P0572,C0552,PyME,424000.0,1.2,60,2023-04-08,Al día,Buenos Aires
P0573,C0348,Consumo,72000.0,1.13,36,2024-01-05,90+ días mora,Santa Fe
P0574,C0363,Personal,108000.0,1.15,12,2023-12-25,Al día,CABA
P0575,C0521,Personal,306000.0,1.27,60,2023-05-02,Al día,Mendoza
P0576,C0211,Consumo,548000.0,0.65,36,2023-03-22,Al día,Buenos Aires
P0577,C0113,Automotriz,186000.0,1.35,24,2024-12-11,30 días mora,Córdoba
P0578,C0990,Personal,756000.0,1.45,60,2024-02-23,90+ días mora,Buenos Aires
P0579,C0815,Personal,579000.0,0.79,24,2024-07-03,Al día,Mendoza
P0580,C0808,Automotriz,420000.0,0.96,48,2024-07-08,Al día,Buenos Aires
P0581,C0106,Automotriz,2740000.0,1.22,60,2023-10-03,90+ días mora,Córdoba
P0582,C0218,PyME,338000.0,0.57,36,2023-03-18,60 días mora,Córdoba
P0583,C0855,Consumo,269000.0,1.18,24,2023-09-22,Cancelado,Córdoba
P0584,C0380,Hipotecario,56000.0,0.83,36,2024-08-09,Al día,Córdoba
P0585,C0424,Consumo,637000.0,1.75,60,2023-12-21,Al día,Mendoza
P0586,C0690,Personal,253000.0,0.67,60,2023-02-09,60 días mora,Santa Fe
P0587,C0613,Automotriz,136000.0,0.99,12,2024-01-24,30 días mora,Córdoba
P0588,C0917,Consumo,151000.0,1.17,12,2024-07-30,Al día,Buenos Aires
P0589,C0520,Consumo,298000.0,0.66,12,2023-08-27,Al día,Tucumán
P0590,C0959,Hipotecario,589000.0,1.48,24,2023-05-25,Al día,CABA
P0591,C0856,PyME,181000.0,0.63,24,2023-03-26,Al día,Buenos Aires
P0592,C0333,Personal,564000.0,1.34,60,2023-05-28,Al día,CABA
P0593,C0654,Personal,127000.0,1.22,12,2023-08-19,Al día,Buenos Aires
P0594,C0635,Personal,32000.0,0.77,36,2024-03-01,Cancelado,CABA
P0595,C0671,Consumo,66000.0,0.88,48,2024-07-22,Al día,Mendoza
P0596,C0656,Personal,47000.0,1.26,12,2023-06-06,Al día,CABA
P0597,C0148,Consumo,202000.0,1.55,48,2023-12-26,90+ días mora,Santa Fe
P0598,C0965,Personal,61000.0,0.57,48,2023-09-25,Al día,Córdoba
P0599,C0821,Automotriz,156000.0,1.27,12,2024-12-02,Al día,Buenos Aires
P0600,C0151,Personal,279000.0,1.15,24,2023-07-12,Al día,Tucumán
P0601,C0872,Personal,198000.0,1.73,60,2023-12-13,Al día,Córdoba
P0602,C0006,Personal,118000.0,1.09,48,2024-08-21,Al día,Buenos Aires
P0603,C0443,Personal,63000.0,1.69,24,2023-05-05,Al día,CABA
P0604,C0313,Personal,59000.0,1.49,60,2024-10-12,Al día,Buenos Aires
P0605,C0254,Personal,125000.0,1.16,36,2023-06-21,30 días mora,Córdoba
P0606,C0986,PyME,378000.0,0.6,60,2024-01-31,Al día,Mendoza
P0607,C0094,PyME,18000.0,1.68,36,2024-06-23,90+ días mora,Buenos Aires
P0608,C0819,Consumo,152000.0,1.72,60,2024-09-02,Al día,Buenos Aires
P0609,C0596,Consumo,12000.0,1.35,12,2023-06-23,90+ días mora,Santa Fe
P0610,C0933,Automotriz,784000.0,1.7,12,2024-03-23,Al día,Tucumán
P0611,C0842,Personal,26000.0,1.08,60,2023-03-25,90+ días mora,Buenos Aires
P0612,C0753,PyME,34000.0,1.38,36,2023-10-28,Al día,Santa Fe
P0613,C0264,Personal,39000.0,0.62,60,2023-10-28,Al día,Santa Fe
P0614,C0987,Automotriz,192000.0,1.51,12,2023-01-22,Al día,Buenos Aires
P0615,C0384,Hipotecario,151000.0,0.93,48,2024-12-08,60 días mora,Tucumán
P0616,C0064,Personal,217000.0,1.71,48,2023-01-04,Al día,Buenos Aires
P0617,C0345,Hipotecario,145000.0,0.9,36,2024-11-05,Al día,Tucumán
P0618,C0220,Automotriz,97000.0,1.12,48,2023-09-04,Al día,Mendoza
P0619,C0752,Personal,72000.0,1.09,48,2024-07-12,Al día,Rosario
P0620,C0427,Personal,74000.0,1.73,24,2024-11-23,Al día,Córdoba
P0621,C0920,Automotriz,154000.0,1.55,60,2024-08-15,30 días mora,CABA
P0622,C0995,Hipotecario,279000.0,0.85,36,2023-08-21,Al día,Tucumán
P0623,C0336,Automotriz,54000.0,1.33,60,2024-06-04,30 días mora,Buenos Aires
P0624,C0902,Consumo,86000.0,1.52,24,2023-08-17,Al día,Buenos Aires
P0625,C0126,Automotriz,142000.0,1.52,36,2024-02-03,30 días mora,Buenos Aires
P0626,C0155,Consumo,2281000.0,0.74,48,2024-12-11,30 días mora,Santa Fe
P0627,C0834,PyME,725000.0,1.35,12,2024-08-01,Al día,Mendoza
P0628,C0304,Consumo,33000.0,1.13,60,2024-06-04,Al día,Mendoza
P0629,C0994,Consumo,107000.0,0.57,12,2023-11-07,Cancelado,Buenos Aires
P0630,C0237,Consumo,104000.0,0.78,24,2023-01-31,60 días mora,Buenos Aires
P0631,C0801,Personal,152000.0,1.56,60,2024-12-06,Al día,Santa Fe
P0632,C0947,Automotriz,116000.0,0.88,60,2024-11-28,Al día,Buenos Aires
P0633,C0881,Personal,689000.0,1.65,12,2023-03-31,60 días mora,Córdoba
P0634,C0070,Automotriz,244000.0,0.62,24,2023-11-12,Al día,Córdoba
P0635,C0830,Personal,107000.0,0.79,48,2023-12-01,Al día,CABA
P0636,C0783,Hipotecario,133000.0,1.74,12,2023-12-24,Al día,Mendoza
P0637,C0240,Automotriz,223000.0,0.56,12,2023-05-01,Al día,Buenos Aires
P0638,C0604,Automotriz,51000.0,1.66,60,2023-09-18,60 días mora,Mendoza
P0639,C0032,Consumo,208000.0,0.88,12,2024-03-17,Al día,Buenos Aires
P0640,C0310,Consumo,790000.0,1.49,48,2023-12-28,Al día,Buenos Aires
P0641,C0629,Automotriz,75000.0,0.75,60,2023-11-21,Al día,Buenos Aires
P0642,C0274,Automotriz,57000.0,0.77,48,2024-09-26,Cancelado,Buenos Aires
P0643,C0696,Consumo,266000.0,1.59,48,2024-08-20,Al día,Buenos Aires
P0644,C0937,Consumo,81000.0,0.89,48,2024-10-27,60 días mora,Buenos Aires
P0645,C0445,Consumo,183000.0,1.33,48,2024-07-29,Al día,CABA
P0646,C0334,PyME,71000.0,0.77,48,2023-10-03,Al día,CABA
P0647,C0603,Personal,71000.0,1.41,12,2024-02-24,Al día,CABA
P0648,C0770,Hipotecario,127000.0,0.62,12,2024-08-17,Cancelado,Buenos Aires
P0649,C0674,Automotriz,555000.0,1.17,24,2024-07-22,Al día,Córdoba
P0650,C0622,Personal,123000.0,0.91,24,2024-02-02,30 días mora,CABA
P0651,C0908,Consumo,33000.0,0.78,24,2024-11-10,Al día,Buenos Aires
P0652,C0417,Personal,394000.0,0.58,24,2024-05-22,30 días mora,Buenos Aires
P0653,C0168,Hipotecario,143000.0,0.85,48,2024-03-19,60 días mora,Buenos Aires
P0654,C0075,Consumo,216000.0,1.22,60,2023-05-02,30 días mora,Buenos Aires
P0655,C0709,Hipotecario,63000.0,0.99,36,2023-06-28,Al día,CABA
P0656,C0559,Personal,236000.0,1.23,36,2023-07-22,Al día,Tucumán
P0657,C0342,Consumo,140000.0,1.53,36,2024-06-15,Cancelado,Buenos Aires
P0658,C0938,Consumo,141000.0,1.63,60,2024-06-17,60 días mora,Buenos Aires
P0659,C0653,Personal,33000.0,0.92,12,2023-12-02,60 días mora,Mendoza
P0660,C0003,Personal,55000.0,0.94,36,2024-12-14,Al día,CABA
P0661,C0329,Consumo,293000.0,1.52,12,2023-01-10,Al día,Buenos Aires
P0662,C0453,Hipotecario,258000.0,1.58,60,2023-03-28,Al día,Buenos Aires
P0663,C0007,Automotriz,416000.0,1.22,36,2024-03-06,Al día,Santa Fe
P0664,C0483,Personal,530000.0,1.63,60,2024-02-06,Al día,CABA
P0665,C0626,Consumo,256000.0,0.57,60,2023-02-02,30 días mora,Córdoba
P0666,C0684,Personal,131000.0,0.81,60,2023-07-24,Cancelado,Mendoza
P0667,C0182,Personal,48000.0,1.36,36,2023-01-10,Al día,CABA
P0668,C0702,PyME,224000.0,1.65,12,2024-12-13,30 días mora,Buenos Aires
P0669,C0641,Consumo,197000.0,0.79,12,2023-11-09,60 días mora,CABA
P0670,C0888,PyME,263000.0,1.2,48,2024-03-27,Al día,Córdoba
P0671,C0464,Personal,107000.0,1.49,12,2024-07-17,Al día,Buenos Aires
P0672,C0325,Hipotecario,20000.0,0.7,24,2023-10-04,30 días mora,Rosario
P0673,C0362,PyME,204000.0,1.42,36,2024-11-16,Al día,Buenos Aires
P0674,C0141,Consumo,547000.0,1.4,24,2024-08-09,Al día,CABA
P0675,C0877,Personal,1017000.0,0.79,12,2023-01-29,30 días mora,Córdoba
P0676,C0125,Consumo,131000.0,1.47,48,2024-10-27,60 días mora,Córdoba
P0677,C0202,Consumo,241000.0,1.42,12,2024-01-28,Al día,Tucumán
P0678,C0255,Consumo,104000.0,0.95,12,2024-03-11,Al día,CABA
P0679,C0811,Hipotecario,41000.0,0.99,24,2024-09-07,Al día,Buenos Aires
P0680,C0428,Automotriz,179000.0,1.07,36,2024-07-26,Al día,Mendoza
P0681,C0655,Consumo,305000.0,1.45,36,2024-02-12,Al día,Mendoza
P0682,C0037,Automotriz,209000.0,0.9,48,2024-04-22,Al día,Mendoza
P0683,C0315,Hipotecario,163000.0,1.35,12,2023-07-26,Al día,CABA
P0684,C0998,Automotriz,400000.0,1.21,48,2023-09-11,Al día,Rosario
P0685,C0698,Hipotecario,223000.0,1.79,60,2024-08-20,Al día,Santa Fe
P0686,C0409,Hipotecario,943000.0,1.66,60,2023-10-22,Al día,Córdoba
P0687,C0514,Automotriz,83000.0,1.61,36,2023-11-10,30 días mora,Córdoba
P0688,C0513,Personal,13000.0,0.66,36,2023-12-09,Al día,Santa Fe
P0689,C0332,Automotriz,152000.0,1.48,48,2023-02-08,Al día,Buenos Aires
P0690,C0088,Automotriz,100000.0,1.08,12,2024-10-29,Al día,Mendoza
P0691,C0681,Consumo,155000.0,1.58,24,2024-04-26,Al día,CABA
P0692,C0473,PyME,28000.0,1.67,48,2024-06-20,Al día,Santa Fe
P0693,C0372,Automotriz,174000.0,0.68,48,2024-01-16,Al día,Santa Fe
P0694,C0276,Automotriz,41000.0,1.48,48,2024-02-28,Al día,Buenos Aires
P0695,C0420,Personal,141000.0,0.69,24,2024-04-13,Al día,Córdoba
P0696,C0144,Personal,36000.0,0.71,24,2024-05-22,Al día,CABA
P0697,C0373,Hipotecario,349000.0,0.57,12,2023-08-10,Al día,Buenos Aires
P0698,C0228,Personal,104000.0,1.71,24,2024-11-26,Al día,Mendoza
P0699,C0794,PyME,121000.0,1.0,60,2024-02-23,30 días mora,Buenos Aires
P0700,C0291,Hipotecario,621000.0,0.8,24,2023-10-20,Al día,Santa Fe
P0701,C0045,Personal,48000.0,1.23,36,2023-08-03,Al día,Buenos Aires
P0702,C0156,Personal,189000.0,0.81,24,2024-08-18,Al día,Santa Fe
P0703,C0493,Automotriz,249000.0,1.17,48,2023-03-03,Al día,CABA
P0704,C0623,Personal,375000.0,1.7,12,2024-11-04,60 días mora,Buenos Aires
P0705,C0375,Personal,679000.0,1.3,48,2024-10-09,30 días mora,CABA
P0706,C0884,Automotriz,950000.0,1.79,60,2023-03-18,60 días mora,Santa Fe
P0707,C0557,Personal,201000.0,0.83,48,2024-04-04,Al día,Buenos Aires
P0708,C0675,Hipotecario,40000.0,1.02,36,2024-03-13,60 días mora,Buenos Aires
P0709,C0762,Personal,31000.0,1.74,48,2024-12-18,30 días mora,Córdoba
P0710,C0548,Automotriz,144000.0,1.58,60,2023-01-13,60 días mora,Buenos Aires
P0711,C0449,PyME,39000.0,1.67,24,2024-04-23,Al día,Buenos Aires
P0712,C0728,PyME,67000.0,0.95,36,2023-06-15,90+ días mora,Santa Fe
P0713,C0849,PyME,1434000.0,1.61,24,2023-06-24,Al día,Santa Fe
P0714,C0300,Personal,335000.0,1.61,12,2023-08-21,Al día,CABA
P0715,C0124,Consumo,67000.0,1.14,12,2023-05-17,60 días mora,Santa Fe
P0716,C0383,Personal,97000.0,0.75,48,2023-04-10,Al día,Córdoba
P0717,C0876,Consumo,489000.0,1.75,48,2024-04-20,30 días mora,CABA
P0718,C0063,Personal,70000.0,1.46,24,2023-04-06,Al día,Buenos Aires
P0719,C0405,PyME,181000.0,1.27,24,2024-08-02,Al día,Buenos Aires
P0720,C0715,Personal,400000.0,1.72,60,2023-08-29,60 días mora,CABA
P0721,C0837,Automotriz,115000.0,0.91,60,2023-07-04,Al día,Santa Fe
P0722,C0542,Consumo,596000.0,1.47,48,2023-07-01,Al día,Córdoba
P0723,C0714,Personal,26000.0,1.2,24,2023-06-11,90+ días mora,CABA
P0724,C0711,Consumo,78000.0,0.77,60,2023-06-26,Al día,Rosario
P0725,C0588,Consumo,258000.0,1.28,36,2023-05-27,Al día,CABA
P0726,C0107,Personal,311000.0,1.02,60,2023-04-30,Al día,Buenos Aires
P0727,C0883,Personal,254000.0,1.34,60,2024-06-08,30 días mora,CABA
P0728,C0953,Personal,57000.0,1.75,36,2024-05-25,Al día,Tucumán
P0729,C0452,Personal,176000.0,0.95,36,2023-11-07,Al día,CABA
P0730,C0836,Personal,100000.0,1.45,48,2024-04-21,Al día,Mendoza
P0731,C0400,Automotriz,78000.0,1.42,12,2023-02-14,Al día,Buenos Aires
P0732,C0193,Consumo,397000.0,0.62,60,2024-06-18,Al día,Mendoza
P0733,C0944,PyME,40000.0,0.81,48,2023-11-17,60 días mora,Santa Fe
P0734,C0745,Hipotecario,365000.0,0.96,36,2023-12-29,60 días mora,Santa Fe
P0735,C0972,Personal,232000.0,0.6,24,2023-12-25,60 días mora,Santa Fe
P0736,C0496,Personal,165000.0,1.26,60,2023-01-29,30 días mora,Buenos Aires
P0737,C0544,Personal,48000.0,1.27,12,2024-04-21,Al día,Mendoza
P0738,C0120,PyME,164000.0,1.16,48,2024-05-23,Al día,Buenos Aires
P0739,C0852,Automotriz,237000.0,1.7,12,2023-06-15,Al día,CABA
P0740,C0891,Personal,131000.0,1.53,60,2024-03-28,Al día,Córdoba
P0741,C0734,Personal,505000.0,1.41,12,2024-09-01,Al día,Buenos Aires
P0742,C0128,Personal,2871000.0,1.12,12,2023-11-16,Al día,Santa Fe
P0743,C0297,Automotriz,201000.0,1.25,36,2023-04-24,Al día,Buenos Aires
P0744,C0567,Hipotecario,302000.0,1.38,12,2024-01-24,Al día,Buenos Aires
P0745,C0719,Automotriz,1187000.0,0.73,48,2023-09-28,Al día,CABA
P0746,C0475,Hipotecario,35000.0,1.7,12,2023-12-20,Al día,Córdoba
P0747,C0402,Consumo,266000.0,0.92,60,2024-01-10,Al día,Santa Fe
P0748,C0287,Consumo,170000.0,0.97,60,2024-10-03,Al día,CABA
P0749,C0302,Automotriz,192000.0,1.49,12,2024-12-18,Al día,CABA
P0750,C0490,PyME,94000.0,0.87,12,2023-01-21,Al día,Santa Fe
P0751,C0738,Personal,85000.0,1.43,36,2024-10-25,Al día,Buenos Aires
P0752,C0716,Personal,118000.0,0.8,36,2024-12-03,60 días mora,Mendoza
P0753,C0364,Hipotecario,374000.0,0.66,36,2024-07-22,Al día,Santa Fe
P0754,C0769,Personal,99000.0,1.46,48,2023-07-23,60 días mora,Santa Fe
P0755,C0511,PyME,346000.0,0.56,12,2023-12-14,Al día,CABA
P0756,C0222,Automotriz,7000.0,1.2,12,2024-05-02,Al día,Santa Fe
P0757,C0922,Hipotecario,103000.0,1.7,36,2024-05-18,30 días mora,Buenos Aires
P0758,C0590,Personal,657000.0,1.09,36,2023-03-20,Al día,Buenos Aires
P0759,C0498,Hipotecario,129000.0,1.39,48,2024-05-21,Al día,CABA
P0760,C0112,Consumo,237000.0,0.66,24,2023-10-23,Al día,CABA
P0761,C0945,Personal,114000.0,1.68,48,2023-04-22,Cancelado,CABA
P0762,C0301,Personal,385000.0,0.76,12,2024-11-22,Al día,CABA
P0763,C0535,Consumo,72000.0,0.92,48,2023-07-21,Al día,Buenos Aires
P0764,C0584,PyME,180000.0,1.41,48,2023-09-04,Cancelado,Buenos Aires
P0765,C0374,Personal,227000.0,1.27,24,2023-05-16,Al día,CABA
P0766,C0839,PyME,302000.0,1.53,12,2024-10-27,60 días mora,Buenos Aires
P0767,C0569,PyME,101000.0,1.8,24,2024-03-11,Al día,Buenos Aires
P0768,C0162,Automotriz,30000.0,0.57,24,2023-05-17,Al día,CABA
P0769,C0910,Automotriz,184000.0,1.03,24,2023-09-02,Al día,Córdoba
P0770,C0154,Personal,184000.0,1.13,12,2024-03-26,90+ días mora,Santa Fe
P0771,C0050,Personal,52000.0,0.67,36,2023-06-01,Cancelado,Buenos Aires
P0772,C0246,Personal,156000.0,1.0,12,2024-02-21,Al día,Buenos Aires
P0773,C0150,Consumo,682000.0,1.67,12,2024-04-08,Al día,Buenos Aires
P0774,C0993,PyME,143000.0,0.85,12,2024-07-07,Al día,CABA
P0775,C0632,Personal,83000.0,1.65,48,2024-07-09,Al día,CABA
P0776,C0885,Consumo,440000.0,1.09,48,2023-05-10,60 días mora,Córdoba
P0777,C0196,Personal,83000.0,0.6,60,2024-08-24,90+ días mora,Santa Fe
P0778,C0844,Personal,1513000.0,1.18,12,2024-10-17,Al día,Santa Fe
P0779,C0851,Personal,326000.0,1.14,24,2024-03-01,Al día,Córdoba
P0780,C0423,Hipotecario,910000.0,1.23,24,2024-05-30,Al día,Buenos Aires
P0781,C0583,PyME,61000.0,0.91,24,2024-10-26,Al día,Tucumán
P0782,C0565,Personal,62000.0,0.96,12,2024-03-20,30 días mora,Buenos Aires
P0783,C0868,Personal,63000.0,0.98,12,2023-06-23,Al día,Córdoba
P0784,C0564,PyME,279000.0,1.72,60,2024-11-04,Al día,Buenos Aires
P0785,C0488,Consumo,566000.0,0.95,60,2024-07-20,30 días mora,CABA
P0786,C0082,Automotriz,44000.0,1.18,60,2024-05-16,Cancelado,CABA
P0787,C0878,Personal,512000.0,1.21,60,2024-12-30,Al día,Tucumán
P0788,C0275,Consumo,384000.0,0.74,12,2024-10-20,Al día,CABA
P0789,C0725,Personal,130000.0,1.74,60,2023-08-22,Al día,CABA
P0790,C0704,Automotriz,434000.0,1.18,24,2023-11-30,Al día,CABA
P0791,C0928,Personal,218000.0,1.26,36,2024-06-18,30 días mora,Santa Fe
P0792,C0710,PyME,18000.0,1.42,12,2024-04-04,30 días mora,Buenos Aires
P0793,C0273,Personal,46000.0,0.63,36,2024-07-01,Al día,Buenos Aires
P0794,C0385,Personal,181000.0,1.32,12,2024-01-14,Al día,Buenos Aires
P0795,C0957,Hipotecario,768000.0,1.04,60,2024-10-23,30 días mora,Mendoza
P0796,C0249,Personal,16000.0,1.04,24,2023-10-07,Al día,CABA
P0797,C0954,Hipotecario,37000.0,1.76,60,2024-07-19,Al día,CABA
P0798,C0614,PyME,61000.0,1.66,48,2023-12-21,Al día,Buenos Aires
P0799,C0810,Personal,26000.0,1.64,48,2023-01-15,Al día,Rosario
P0800,C0235,Hipotecario,214000.0,1.65,60,2023-06-27,Al día,Buenos Aires
