tarjeta_id,cliente_id,tipo_tarjeta,limite_credito,fecha_emision,activa
T00001,C0001,Visa Débito,0,2018-08-01,1
T00002,C0002,Visa Crédito,1000000,2020-10-01,1
T00003,C0002,Amex Crédito,100000,2020-06-06,1
T00004,C0003,Visa Crédito,1000000,2020-02-08,1
T00005,C0003,Amex Crédito,500000,2020-11-04,1
T00006,C0003,Visa Débito,0,2018-12-25,1
T00007,C0004,Mastercard Crédito,50000,2021-12-07,1
T00008,C0005,Visa Débito,0,2018-05-23,1
T00009,C0005,Visa Crédito,1000000,2018-03-31,1
T00010,C0006,Mastercard Crédito,1000000,2022-06-02,1
T00011,C0007,Visa Débito,0,2023-07-29,1
T00012,C0008,Visa Crédito,50000,2020-12-12,1
T00013,C0009,Visa Débito,0,2019-09-16,1
T00014,C0010,Mastercard Crédito,100000,2021-10-20,1
T00015,C0011,Visa Crédito,50000,2020-11-11,1
T00016,C0012,Visa Débito,0,2021-04-21,1
T00017,C0012,Mastercard Crédito,500000,2023-02-10,1
T00018,C0012,Mastercard Crédito,1000000,2019-08-25,1
T00019,C0013,Visa Débito,0,2019-09-16,1
T00020,C0013,Visa Débito,0,2018-08-11,1
T00021,C0014,Visa Crédito,50000,2020-06-02,1
T00022,C0015,Mastercard Crédito,50000,2021-04-02,1
T00023,C0016,Visa Débito,0,2021-09-02,1
T00024,C0017,Mastercard Crédito,100000,2019-08-15,1
T00025,C0017,Visa Débito,0,2022-07-13,0
T00026,C0017,Mastercard Crédito,50000,2019-03-10,1
T00027,C0018,Visa Débito,0,2018-10-30,1
T00028,C0019,Mastercard Crédito,1000000,2019-07-14,0
T00029,C0020,Mastercard Crédito,1000000,2019-11-16,1
T00030,C0021,Visa Débito,0,2020-04-07,1
T00031,C0022,Visa Crédito,1000000,2019-06-17,1
T00032,C0023,Visa Débito,0,2018-09-17,1
T00033,C0024,Visa Débito,0,2018-03-11,1
T00034,C0024,Mastercard Crédito,50000,2021-03-13,1
T00035,C0024,Visa Crédito,100000,2021-04-13,1
T00036,C0025,Mastercard Crédito,100000,2018-02-13,1
T00037,C0026,Visa Crédito,200000,2023-01-26,1
T00038,C0027,Visa Crédito,200000,2023-03-31,1
T00039,C0028,Visa Débito,0,2021-04-29,1
T00040,C0028,Visa Crédito,100000,2019-07-20,1
T00041,C0029,Amex Crédito,1000000,2023-02-03,1
T00042,C0029,Visa Débito,0,2021-02-11,1
T00043,C0030,Visa Crédito,50000,2023-04-07,1
T00044,C0031,Visa Crédito,50000,2023-01-01,1
T00045,C0031,Visa Débito,0,2020-06-16,1
T00046,C0032,Visa Débito,0,2019-01-26,0
T00047,C0032,Visa Débito,0,2018-08-21,1
T00048,C0033,Visa Crédito,1000000,2019-12-07,1
T00049,C0033,Visa Crédito,50000,2020-06-08,1
T00050,C0034,Visa Crédito,50000,2020-01-02,0
T00051,C0035,Visa Crédito,50000,2018-05-15,1
T00052,C0036,Mastercard Crédito,200000,2020-07-01,1
T00053,C0036,Visa Crédito,100000,2021-12-30,1
T00054,C0037,Visa Crédito,100000,2022-02-06,1
T00055,C0038,Visa Débito,0,2021-05-15,1
T00056,C0038,Visa Crédito,50000,2023-07-18,1
T00057,C0039,Mastercard Crédito,200000,2021-07-31,1
T00058,C0040,Visa Crédito,1000000,2018-11-03,1
T00059,C0040,Mastercard Crédito,500000,2018-08-31,1
T00060,C0040,Visa Débito,0,2018-10-30,1
T00061,C0041,Mastercard Crédito,50000,2019-10-09,1
T00062,C0041,Visa Débito,0,2019-02-17,1
T00063,C0042,Mastercard Crédito,50000,2023-02-06,1
T00064,C0043,Visa Débito,0,2018-03-22,1
T00065,C0044,Mastercard Crédito,50000,2019-04-13,1
T00066,C0044,Mastercard Crédito,1000000,2020-10-16,1
T00067,C0045,Visa Débito,0,2018-05-07,1
T00068,C0046,Mastercard Crédito,100000,2020-07-01,1
T00069,C0046,Visa Débito,0,2018-06-07,0
T00070,C0046,Mastercard Crédito,200000,2022-08-20,1
T00071,C0047,Visa Débito,0,2019-01-02,1
T00072,C0048,Visa Crédito,100000,2018-04-05,1
T00073,C0048,Visa Débito,0,2020-02-01,1
T00074,C0049,Visa Débito,0,2021-12-17,1
T00075,C0049,Visa Crédito,1000000,2018-02-24,1
T00076,C0050,Visa Crédito,100000,2021-08-09,0
T00077,C0051,Visa Débito,0,2021-02-19,1
T00078,C0051,Visa Débito,0,2023-03-28,1
T00079,C0052,Visa Débito,0,2022-01-01,1
T00080,C0053,Mastercard Crédito,500000,2018-11-16,1
T00081,C0054,Visa Crédito,1000000,2021-01-23,1
T00082,C0054,Visa Débito,0,2019-12-17,1
T00083,C0055,Amex Crédito,200000,2021-12-29,1
T00084,C0055,Amex Crédito,500000,2019-10-27,1
T00085,C0056,Visa Débito,0,2021-03-23,1
T00086,C0056,Visa Crédito,500000,2020-03-26,1
T00087,C0057,Mastercard Crédito,100000,2019-05-20,1
T00088,C0058,Visa Crédito,500000,2020-10-10,1
T00089,C0058,Visa Crédito,100000,2019-05-07,1
T00090,C0059,Mastercard Crédito,500000,2020-08-27,1
T00091,C0060,Visa Crédito,1000000,2018-03-02,1
T00092,C0061,Visa Débito,0,2022-02-22,1
T00093,C0061,Mastercard Crédito,1000000,2019-05-09,1
T00094,C0062,Mastercard Crédito,200000,2018-01-12,1
T00095,C0063,Amex Crédito,100000,2022-12-12,1
T00096,C0064,Mastercard Crédito,200000,2022-09-25,1
T00097,C0064,Visa Débito,0,2020-01-31,1
T00098,C0065,Amex Crédito,1000000,2023-08-11,1
T00099,C0065,Visa Débito,0,2018-05-13,1
T00100,C0066,Mastercard Crédito,500000,2018-06-24,1
T00101,C0066,Amex Crédito,50000,2019-08-01,1
T00102,C0067,Visa Crédito,100000,2021-10-09,1
T00103,C0068,Visa Débito,0,2018-11-15,1
T00104,C0068,Visa Débito,0,2020-04-26,1
T00105,C0069,Amex Crédito,200000,2022-07-08,1
T00106,C0069,Mastercard Crédito,200000,2018-04-07,1
T00107,C0069,Mastercard Crédito,500000,2020-01-28,1
T00108,C0070,Visa Crédito,100000,2020-02-10,1
T00109,C0071,Visa Crédito,50000,2020-03-30,1
T00110,C0072,Visa Crédito,200000,2020-04-15,0
T00111,C0072,Amex Crédito,50000,2020-10-14,1
T00112,C0072,Mastercard Crédito,100000,2020-10-14,1
T00113,C0073,Mastercard Crédito,500000,2018-01-19,1
T00114,C0073,Visa Crédito,200000,2019-02-13,1
T00115,C0073,Amex Crédito,1000000,2020-11-28,1
T00116,C0074,Visa Débito,0,2019-03-05,1
T00117,C0075,Visa Débito,0,2021-10-09,1
T00118,C0075,Mastercard Crédito,1000000,2019-03-22,1
T00119,C0076,Visa Débito,0,2023-02-03,1
T00120,C0076,Mastercard Crédito,200000,2023-12-26,1
T00121,C0077,Visa Crédito,100000,2019-10-08,1
T00122,C0078,Visa Débito,0,2023-03-30,0
T00123,C0078,Visa Crédito,50000,2023-05-24,1
T00124,C0079,Amex Crédito,200000,2023-02-09,1
T00125,C0080,Mastercard Crédito,200000,2018-06-30,1
T00126,C0081,Mastercard Crédito,50000,2021-05-30,1
T00127,C0082,Mastercard Crédito,200000,2019-03-19,1
T00128,C0083,Visa Débito,0,2020-04-02,1
T00129,C0083,Amex Crédito,50000,2020-10-28,1
T00130,C0084,Visa Débito,0,2022-09-07,1
T00131,C0085,Visa Débito,0,2023-03-24,1
T00132,C0086,Visa Crédito,50000,2023-06-04,1
T00133,C0086,Visa Crédito,500000,2021-07-20,1
T00134,C0086,Visa Débito,0,2022-10-20,1
T00135,C0087,Mastercard Crédito,1000000,2023-10-29,1
T00136,C0088,Visa Crédito,100000,2021-04-03,1
T00137,C0089,Visa Débito,0,2022-01-11,0
T00138,C0089,Visa Crédito,100000,2019-12-25,0
T00139,C0090,Mastercard Crédito,500000,2019-02-05,1
T00140,C0090,Visa Débito,0,2020-01-21,1
T00141,C0090,Mastercard Crédito,100000,2023-05-28,1
T00142,C0091,Visa Crédito,100000,2020-01-09,1
T00143,C0092,Mastercard Crédito,200000,2019-01-25,1
T00144,C0092,Visa Crédito,50000,2020-02-05,1
T00145,C0092,Visa Débito,0,2020-10-18,1
T00146,C0093,Visa Débito,0,2022-07-08,1
T00147,C0093,Mastercard Crédito,1000000,2020-06-17,1
T00148,C0094,Amex Crédito,500000,2023-03-31,1
T00149,C0094,Mastercard Crédito,100000,2021-12-14,1
T00150,C0095,Visa Débito,0,2022-07-29,1
T00151,C0095,Mastercard Crédito,200000,2019-10-14,1
T00152,C0096,Visa Débito,0,2018-06-16,1
T00153,C0096,Visa Crédito,50000,2021-04-20,1
T00154,C0097,Visa Débito,0,2019-11-19,1
T00155,C0098,Visa Débito,0,2020-07-29,1
T00156,C0099,Mastercard Crédito,100000,2018-05-19,1
T00157,C0100,Mastercard Crédito,500000,2022-04-05,1
T00158,C0100,Visa Débito,0,2020-12-28,1
T00159,C0100,Mastercard Crédito,100000,2021-04-16,1
T00160,C0101,Visa Débito,0,2022-07-22,1
T00161,C0101,Visa Débito,0,2019-10-24,1
T00162,C0102,Visa Crédito,200000,2018-12-09,1
T00163,C0103,Visa Débito,0,2018-05-26,0
T00164,C0104,Visa Crédito,50000,2019-04-20,1
T00165,C0104,Visa Débito,0,2022-02-19,1
T00166,C0104,Visa Crédito,50000,2021-01-22,1
T00167,C0105,Mastercard Crédito,1000000,2023-03-07,0
T00168,C0105,Visa Débito,0,2021-07-01,1
T00169,C0106,Visa Crédito,100000,2019-12-02,1
T00170,C0106,Amex Crédito,200000,2023-03-21,1
T00171,C0107,Visa Débito,0,2018-09-04,1
T00172,C0107,Mastercard Crédito,500000,2020-04-18,1
T00173,C0108,Amex Crédito,500000,2018-09-13,1
T00174,C0109,Visa Crédito,50000,2018-06-30,1
T00175,C0109,Visa Crédito,50000,2022-09-24,1
T00176,C0110,Visa Débito,0,2019-02-25,1
T00177,C0111,Visa Crédito,500000,2019-02-02,1
T00178,C0111,Visa Débito,0,2018-11-04,1
T00179,C0112,Visa Crédito,100000,2018-06-07,1
T00180,C0112,Visa Débito,0,2020-12-04,1
T00181,C0113,Mastercard Crédito,500000,2022-06-16,1
T00182,C0114,Visa Débito,0,2018-10-07,0
T00183,C0114,Mastercard Crédito,50000,2022-08-31,1
T00184,C0115,Amex Crédito,1000000,2021-04-08,1
T00185,C0115,Mastercard Crédito,1000000,2019-05-15,1
T00186,C0116,Visa Débito,0,2021-05-04,0
T00187,C0117,Visa Crédito,500000,2021-08-24,1
T00188,C0118,Visa Débito,0,2023-12-19,1
T00189,C0119,Mastercard Crédito,100000,2022-01-17,1
T00190,C0120,Visa Débito,0,2023-08-15,1
T00191,C0121,Visa Débito,0,2023-05-28,1
T00192,C0121,Visa Débito,0,2023-09-11,0
T00193,C0122,Visa Crédito,200000,2018-07-26,1
T00194,C0123,Mastercard Crédito,50000,2022-09-21,1
T00195,C0124,Amex Crédito,50000,2019-08-15,1
T00196,C0125,Mastercard Crédito,200000,2022-01-20,0
T00197,C0125,Mastercard Crédito,100000,2019-02-23,1
T00198,C0126,Mastercard Crédito,1000000,2022-10-25,1
T00199,C0127,Mastercard Crédito,1000000,2022-02-10,1
T00200,C0128,Mastercard Crédito,200000,2021-11-14,1
T00201,C0129,Visa Débito,0,2021-11-28,1
T00202,C0130,Mastercard Crédito,100000,2021-07-25,1
T00203,C0130,Mastercard Crédito,1000000,2018-03-18,1
T00204,C0131,Visa Crédito,200000,2018-06-21,1
T00205,C0132,Visa Débito,0,2020-01-27,0
T00206,C0132,Visa Débito,0,2022-11-15,1
T00207,C0133,Visa Débito,0,2022-01-12,1
T00208,C0134,Visa Crédito,100000,2018-09-03,1
T00209,C0135,Visa Débito,0,2022-05-15,0
T00210,C0135,Visa Débito,0,2018-12-07,1
T00211,C0136,Mastercard Crédito,1000000,2022-05-03,1
T00212,C0137,Visa Débito,0,2019-04-06,1
T00213,C0138,Visa Débito,0,2019-10-08,1
T00214,C0139,Mastercard Crédito,200000,2022-03-20,1
T00215,C0140,Amex Crédito,1000000,2023-05-09,1
T00216,C0140,Mastercard Crédito,50000,2019-03-07,1
T00217,C0141,Amex Crédito,100000,2023-10-25,1
T00218,C0142,Visa Débito,0,2021-06-09,1
T00219,C0142,Visa Crédito,500000,2021-05-29,1
T00220,C0143,Visa Débito,0,2018-08-22,1
T00221,C0143,Mastercard Crédito,1000000,2018-11-05,1
T00222,C0143,Amex Crédito,50000,2019-10-09,1
T00223,C0144,Visa Crédito,50000,2018-12-02,1
T00224,C0145,Visa Débito,0,2023-07-23,1
T00225,C0146,Mastercard Crédito,100000,2019-10-30,1
T00226,C0147,Mastercard Crédito,50000,2023-10-12,1
T00227,C0147,Mastercard Crédito,50000,2023-02-04,1
T00228,C0148,Visa Débito,0,2019-09-06,1
T00229,C0149,Mastercard Crédito,200000,2018-11-27,1
T00230,C0149,Visa Crédito,50000,2019-01-22,1
T00231,C0149,Visa Crédito,100000,2022-12-20,1
T00232,C0150,Visa Crédito,200000,2018-04-15,1
T00233,C0150,Visa Débito,0,2020-03-31,1
T00234,C0151,Amex Crédito,500000,2023-09-06,1
T00235,C0151,Mastercard Crédito,1000000,2019-01-20,1
T00236,C0152,Amex Crédito,100000,2022-05-15,1
T00237,C0152,Visa Débito,0,2023-04-30,1
T00238,C0153,Mastercard Crédito,1000000,2021-02-25,0
T00239,C0153,Mastercard Crédito,200000,2021-11-18,1
T00240,C0154,Visa Crédito,1000000,2023-12-20,1
T00241,C0154,Visa Crédito,100000,2021-02-17,1
T00242,C0155,Mastercard Crédito,500000,2023-09-23,1
T00243,C0156,Visa Crédito,100000,2022-12-22,1
T00244,C0157,Visa Débito,0,2022-08-07,0
T00245,C0158,Amex Crédito,200000,2018-07-06,1
T00246,C0159,Amex Crédito,200000,2022-04-14,1
T00247,C0159,Visa Débito,0,2023-09-25,1
T00248,C0159,Visa Débito,0,2018-06-24,1
T00249,C0160,Visa Débito,0,2022-04-16,1
T00250,C0161,Visa Crédito,1000000,2023-08-30,0
T00251,C0161,Amex Crédito,50000,2020-08-07,1
T00252,C0162,Mastercard Crédito,1000000,2019-07-05,1
T00253,C0163,Mastercard Crédito,500000,2020-10-15,1
T00254,C0164,Visa Crédito,500000,2020-09-06,1
T00255,C0165,Visa Crédito,50000,2019-04-26,1
T00256,C0166,Mastercard Crédito,200000,2021-12-18,1
T00257,C0167,Mastercard Crédito,1000000,2020-05-23,1
T00258,C0168,Visa Débito,0,2023-07-05,1
T00259,C0169,Visa Crédito,1000000,2020-03-09,1
T00260,C0170,Mastercard Crédito,200000,2023-12-09,1
T00261,C0170,Visa Débito,0,2020-06-25,1
T00262,C0170,Mastercard Crédito,500000,2020-04-20,0
T00263,C0171,Visa Débito,0,2019-06-04,1
T00264,C0172,Visa Débito,0,2019-06-11,1
T00265,C0173,Visa Crédito,500000,2020-07-20,1
T00266,C0174,Visa Débito,0,2022-03-18,1
T00267,C0175,Mastercard Crédito,500000,2019-04-20,1
T00268,C0176,Visa Crédito,50000,2020-09-08,1
T00269,C0177,Mastercard Crédito,500000,2021-03-28,1
T00270,C0178,Mastercard Crédito,50000,2019-11-08,1
T00271,C0179,Visa Débito,0,2022-05-14,1
T00272,C0180,Amex Crédito,1000000,2020-05-07,1
T00273,C0181,Mastercard Crédito,100000,2021-05-30,1
T00274,C0182,Mastercard Crédito,200000,2020-03-25,1
T00275,C0183,Mastercard Crédito,1000000,2020-05-13,1
T00276,C0184,Visa Crédito,100000,2018-08-12,1
T00277,C0184,Visa Crédito,100000,2022-03-17,1
T00278,C0184,Mastercard Crédito,500000,2019-09-07,0
T00279,C0185,Mastercard Crédito,1000000,2023-05-15,1
T00280,C0185,Visa Débito,0,2019-08-15,1
T00281,C0186,Mastercard Crédito,50000,2021-12-14,1
T00282,C0187,Visa Débito,0,2022-10-16,1
T00283,C0188,Mastercard Crédito,100000,2020-04-27,1
T00284,C0188,Visa Crédito,50000,2021-08-25,1
T00285,C0188,Visa Crédito,200000,2020-08-17,1
T00286,C0189,Amex Crédito,50000,2022-08-04,1
T00287,C0189,Visa Débito,0,2019-06-21,1
T00288,C0190,Visa Débito,0,2018-09-11,1
T00289,C0191,Amex Crédito,1000000,2021-04-21,1
T00290,C0192,Visa Crédito,1000000,2022-04-04,1
T00291,C0192,Visa Débito,0,2022-06-18,1
T00292,C0192,Mastercard Crédito,500000,2019-07-12,1
T00293,C0193,Visa Débito,0,2020-11-17,1
T00294,C0193,Visa Crédito,200000,2019-05-26,1
T00295,C0194,Visa Débito,0,2019-07-25,1
T00296,C0194,Mastercard Crédito,1000000,2018-11-30,1
T00297,C0195,Visa Débito,0,2023-06-05,1
T00298,C0196,Visa Débito,0,2019-01-25,1
T00299,C0197,Visa Débito,0,2019-02-22,1
T00300,C0198,Visa Débito,0,2020-06-02,1
T00301,C0198,Visa Crédito,50000,2022-06-11,1
T00302,C0199,Visa Débito,0,2022-11-22,1
T00303,C0200,Visa Crédito,1000000,2019-10-10,1
T00304,C0201,Visa Crédito,100000,2018-04-14,1
T00305,C0202,Amex Crédito,500000,2023-08-23,1
T00306,C0203,Visa Débito,0,2023-09-04,1
T00307,C0204,Visa Crédito,50000,2023-04-16,1
T00308,C0205,Visa Débito,0,2021-08-22,1
T00309,C0205,Visa Débito,0,2019-06-04,1
T00310,C0206,Visa Crédito,500000,2023-01-23,1
T00311,C0207,Visa Crédito,200000,2022-06-10,1
T00312,C0207,Amex Crédito,100000,2023-11-02,1
T00313,C0207,Visa Crédito,100000,2021-04-04,1
T00314,C0208,Mastercard Crédito,1000000,2019-03-24,1
T00315,C0209,Visa Débito,0,2020-01-05,1
T00316,C0209,Mastercard Crédito,1000000,2019-08-24,1
T00317,C0210,Mastercard Crédito,200000,2019-08-03,1
T00318,C0210,Visa Débito,0,2019-06-16,1
T00319,C0211,Mastercard Crédito,1000000,2022-07-29,1
T00320,C0211,Visa Débito,0,2018-08-05,1
T00321,C0212,Mastercard Crédito,500000,2022-06-02,1
T00322,C0213,Visa Crédito,200000,2019-11-22,1
T00323,C0213,Visa Crédito,500000,2020-02-23,1
T00324,C0214,Mastercard Crédito,1000000,2020-12-17,1
T00325,C0214,Visa Débito,0,2019-04-05,1
T00326,C0214,Visa Crédito,100000,2019-05-12,1
T00327,C0215,Visa Débito,0,2022-06-26,0
T00328,C0216,Mastercard Crédito,50000,2018-09-26,1
T00329,C0217,Mastercard Crédito,200000,2019-10-12,1
T00330,C0217,Mastercard Crédito,500000,2019-08-19,1
T00331,C0218,Visa Crédito,1000000,2019-12-12,1
T00332,C0218,Mastercard Crédito,200000,2022-12-06,1
T00333,C0219,Visa Crédito,50000,2019-10-24,1
T00334,C0220,Visa Débito,0,2020-02-29,1
T00335,C0221,Mastercard Crédito,100000,2022-02-01,1
T00336,C0222,Visa Crédito,100000,2020-03-26,1
T00337,C0222,Visa Débito,0,2019-04-07,0
T00338,C0222,Visa Débito,0,2023-04-22,0
T00339,C0223,Visa Débito,0,2022-06-23,0
T00340,C0223,Mastercard Crédito,500000,2023-08-26,1
T00341,C0224,Visa Débito,0,2019-09-12,1
T00342,C0224,Visa Débito,0,2018-07-28,1
T00343,C0225,Visa Crédito,100000,2021-07-15,1
T00344,C0226,Visa Débito,0,2020-05-04,1
T00345,C0226,Mastercard Crédito,200000,2019-12-06,1
T00346,C0227,Mastercard Crédito,1000000,2019-03-20,1
T00347,C0227,Mastercard Crédito,500000,2021-07-24,1
T00348,C0228,Visa Crédito,50000,2022-07-10,1
T00349,C0228,Visa Débito,0,2020-07-07,1
T00350,C0229,Visa Crédito,200000,2021-04-05,1
T00351,C0229,Visa Débito,0,2019-02-05,1
T00352,C0230,Visa Crédito,500000,2018-09-04,1
T00353,C0231,Visa Débito,0,2019-09-16,1
T00354,C0231,Visa Crédito,500000,2019-02-07,1
T00355,C0232,Visa Débito,0,2018-09-10,1
T00356,C0232,Mastercard Crédito,1000000,2018-06-09,1
T00357,C0233,Visa Crédito,200000,2020-05-07,1
T00358,C0233,Amex Crédito,50000,2023-10-17,1
T00359,C0233,Visa Crédito,500000,2021-04-12,1
T00360,C0234,Visa Crédito,1000000,2020-11-16,1
T00361,C0234,Visa Crédito,100000,2019-08-04,1
T00362,C0235,Mastercard Crédito,50000,2021-06-06,1
T00363,C0236,Visa Crédito,500000,2019-07-08,1
T00364,C0237,Visa Crédito,1000000,2019-07-13,1
T00365,C0237,Mastercard Crédito,1000000,2021-03-31,0
T00366,C0238,Mastercard Crédito,50000,2022-09-20,1
T00367,C0238,Visa Débito,0,2021-09-13,1
T00368,C0239,Visa Débito,0,2023-04-09,1
T00369,C0240,Mastercard Crédito,500000,2018-01-03,1
T00370,C0240,Visa Crédito,1000000,2022-05-28,1
T00371,C0241,Mastercard Crédito,100000,2019-10-11,1
T00372,C0242,Visa Débito,0,2023-02-12,0
T00373,C0242,Mastercard Crédito,500000,2020-01-10,1
T00374,C0243,Visa Crédito,200000,2018-09-05,1
T00375,C0243,Amex Crédito,200000,2019-11-17,1
T00376,C0244,Visa Crédito,200000,2019-01-05,1
T00377,C0244,Amex Crédito,200000,2022-01-23,1
T00378,C0244,Visa Crédito,50000,2018-12-21,1
T00379,C0245,Visa Crédito,200000,2020-08-07,1
T00380,C0245,Visa Débito,0,2019-06-29,1
T00381,C0246,Visa Crédito,200000,2023-08-21,1
T00382,C0246,Visa Crédito,50000,2019-02-13,1
T00383,C0247,Amex Crédito,200000,2023-05-16,1
T00384,C0248,Mastercard Crédito,500000,2019-10-29,1
T00385,C0249,Mastercard Crédito,200000,2021-05-22,1
T00386,C0250,Visa Crédito,1000000,2021-02-07,1
T00387,C0251,Mastercard Crédito,500000,2018-10-06,1
T00388,C0252,Mastercard Crédito,200000,2018-12-26,1
T00389,C0253,Visa Crédito,200000,2023-12-08,1
T00390,C0254,Visa Débito,0,2018-11-21,1
T00391,C0255,Visa Crédito,1000000,2019-01-26,1
T00392,C0256,Mastercard Crédito,50000,2023-12-20,1
T00393,C0257,Visa Débito,0,2018-12-23,1
T00394,C0258,Mastercard Crédito,500000,2020-10-24,1
T00395,C0259,Visa Débito,0,2022-11-08,0
T00396,C0260,Visa Crédito,50000,2023-10-18,1
T00397,C0261,Amex Crédito,500000,2020-07-17,1
T00398,C0261,Visa Crédito,200000,2021-01-29,1
T00399,C0262,Visa Crédito,50000,2022-07-01,1
T00400,C0262,Visa Crédito,200000,2020-03-20,1
T00401,C0263,Mastercard Crédito,50000,2020-10-28,1
T00402,C0264,Visa Débito,0,2018-09-29,1
T00403,C0264,Visa Crédito,200000,2021-02-15,0
T00404,C0265,Visa Débito,0,2022-08-05,0
T00405,C0265,Visa Crédito,50000,2023-02-26,1
T00406,C0266,Visa Débito,0,2022-01-07,0
T00407,C0267,Visa Crédito,500000,2023-07-06,1
T00408,C0268,Visa Crédito,200000,2022-02-07,1
T00409,C0269,Mastercard Crédito,200000,2019-01-03,1
T00410,C0269,Visa Débito,0,2023-02-25,1
T00411,C0270,Mastercard Crédito,500000,2022-08-13,1
T00412,C0270,Mastercard Crédito,200000,2022-10-13,1
T00413,C0271,Visa Débito,0,2020-12-19,1
T00414,C0271,Visa Crédito,1000000,2023-05-06,1
T00415,C0272,Mastercard Crédito,100000,2023-03-18,1
T00416,C0273,Visa Crédito,500000,2021-02-07,0
T00417,C0273,Visa Débito,0,2020-04-10,1
T00418,C0274,Visa Crédito,50000,2018-03-12,1
T00419,C0275,Visa Débito,0,2022-08-01,1
T00420,C0275,Visa Débito,0,2022-11-25,0
T00421,C0275,Visa Débito,0,2021-05-22,1
T00422,C0276,Visa Crédito,500000,2021-01-16,1
T00423,C0276,Visa Crédito,200000,2020-02-10,1
T00424,C0277,Visa Débito,0,2021-02-23,1
T00425,C0278,Visa Crédito,500000,2021-09-30,1
T00426,C0279,Visa Débito,0,2022-07-29,1
T00427,C0280,Visa Crédito,1000000,2023-06-14,1
T00428,C0281,Amex Crédito,50000,2023-06-28,0
T00429,C0282,Visa Crédito,500000,2023-05-08,1
T00430,C0282,Amex Crédito,200000,2020-08-28,0
T00431,C0283,Visa Crédito,500000,2018-10-31,1
T00432,C0284,Visa Crédito,100000,2019-12-04,1
T00433,C0285,Visa Crédito,500000,2018-06-09,1
T00434,C0286,Visa Crédito,500000,2021-04-06,1
T00435,C0287,Visa Crédito,1000000,2021-12-03,1
T00436,C0288,Amex Crédito,100000,2021-11-29,1
T00437,C0289,Visa Crédito,50000,2019-06-05,1
T00438,C0290,Visa Débito,0,2021-06-14,1
T00439,C0290,Visa Crédito,50000,2021-06-07,1
T00440,C0291,Visa Crédito,50000,2021-09-23,1
T00441,C0291,Visa Débito,0,2019-04-21,1
T00442,C0292,Mastercard Crédito,50000,2022-11-09,1
T00443,C0292,Visa Débito,0,2021-08-12,1
T00444,C0293,Mastercard Crédito,1000000,2023-08-16,1
T00445,C0294,Visa Crédito,100000,2021-08-11,1
T00446,C0294,Mastercard Crédito,200000,2019-08-17,0
T00447,C0295,Visa Crédito,100000,2019-09-06,1
T00448,C0295,Visa Débito,0,2020-02-06,1
T00449,C0295,Mastercard Crédito,1000000,2019-06-06,1
T00450,C0296,Visa Débito,0,2022-02-22,1
T00451,C0297,Mastercard Crédito,1000000,2022-10-20,1
T00452,C0297,Mastercard Crédito,500000,2023-08-12,0
T00453,C0297,Amex Crédito,100000,2021-04-18,1
T00454,C0298,Visa Crédito,200000,2019-08-10,1
T00455,C0298,Mastercard Crédito,200000,2018-08-09,1
T00456,C0299,Visa Crédito,500000,2022-10-12,1
T00457,C0300,Visa Crédito,100000,2020-04-23,0
T00458,C0301,Amex Crédito,100000,2021-11-06,1
T00459,C0302,Visa Débito,0,2021-01-22,1
T00460,C0302,Mastercard Crédito,100000,2019-08-14,1
T00461,C0303,Visa Débito,0,2023-03-01,1
T00462,C0303,Visa Crédito,50000,2022-02-06,1
T00463,C0304,Visa Crédito,50000,2022-03-27,1
T00464,C0305,Mastercard Crédito,100000,2020-07-31,1
T00465,C0306,Visa Débito,0,2022-06-09,1
T00466,C0307,Visa Débito,0,2022-04-03,1
T00467,C0308,Visa Crédito,500000,2019-02-12,1
T00468,C0309,Visa Débito,0,2021-10-23,1
T00469,C0310,Visa Débito,0,2020-06-24,1
T00470,C0310,Visa Crédito,50000,2021-08-06,1
T00471,C0311,Mastercard Crédito,500000,2019-09-26,1
T00472,C0312,Visa Crédito,1000000,2022-07-01,0
T00473,C0312,Mastercard Crédito,1000000,2018-03-03,1
T00474,C0313,Amex Crédito,500000,2021-07-24,1
T00475,C0314,Amex Crédito,1000000,2020-06-17,1
T00476,C0315,Visa Crédito,50000,2018-06-22,0
T00477,C0315,Mastercard Crédito,100000,2020-09-01,1
T00478,C0316,Visa Débito,0,2023-05-12,1
T00479,C0316,Visa Crédito,100000,2023-05-09,1
T00480,C0316,Visa Crédito,100000,2020-08-19,1
T00481,C0317,Mastercard Crédito,200000,2021-10-24,0
T00482,C0318,Visa Crédito,50000,2023-10-25,1
T00483,C0319,Visa Crédito,100000,2020-01-16,0
T00484,C0320,Amex Crédito,1000000,2021-01-01,1
T00485,C0320,Visa Débito,0,2023-06-29,1
T00486,C0320,Visa Débito,0,2018-02-13,1
T00487,C0321,Mastercard Crédito,200000,2019-03-30,1
T00488,C0321,Visa Crédito,100000,2018-01-21,1
T00489,C0322,Visa Crédito,200000,2020-12-30,1
T00490,C0323,Mastercard Crédito,500000,2020-06-28,1
T00491,C0324,Visa Crédito,100000,2020-08-31,1
T00492,C0324,Visa Débito,0,2023-04-28,0
T00493,C0325,Visa Crédito,100000,2021-12-04,1
T00494,C0326,Mastercard Crédito,200000,2020-05-21,1
T00495,C0327,Visa Crédito,200000,2018-05-22,1
T00496,C0328,Visa Crédito,100000,2019-10-26,1
T00497,C0329,Mastercard Crédito,100000,2020-06-27,1
T00498,C0330,Mastercard Crédito,500000,2022-12-22,1
T00499,C0331,Visa Crédito,100000,2023-07-25,1
T00500,C0331,Visa Débito,0,2019-01-13,1
T00501,C0332,Visa Crédito,500000,2022-12-09,1
T00502,C0332,Mastercard Crédito,1000000,2022-04-03,1
T00503,C0333,Mastercard Crédito,200000,2018-05-06,1
T00504,C0334,Visa Crédito,50000,2021-09-21,1
T00505,C0335,Mastercard Crédito,1000000,2023-03-12,0
T00506,C0336,Visa Débito,0,2021-06-04,1
T00507,C0337,Amex Crédito,200000,2019-04-03,1
T00508,C0337,Visa Débito,0,2023-08-19,1
T00509,C0338,Visa Débito,0,2022-08-03,1
T00510,C0338,Mastercard Crédito,200000,2023-12-22,1
T00511,C0338,Visa Débito,0,2022-03-02,1
T00512,C0339,Visa Débito,0,2021-03-16,1
T00513,C0340,Visa Débito,0,2022-11-16,1
T00514,C0341,Amex Crédito,50000,2020-04-05,1
T00515,C0342,Visa Débito,0,2021-10-28,1
T00516,C0343,Visa Débito,0,2021-09-25,1
T00517,C0344,Visa Débito,0,2022-04-15,1
T00518,C0345,Amex Crédito,1000000,2018-03-04,1
T00519,C0345,Visa Débito,0,2018-06-01,1
T00520,C0346,Visa Crédito,100000,2020-10-11,1
T00521,C0346,Visa Crédito,100000,2022-04-28,1
T00522,C0347,Visa Débito,0,2022-10-26,1
T00523,C0347,Amex Crédito,500000,2018-03-31,1
T00524,C0348,Mastercard Crédito,100000,2018-09-03,1
T00525,C0349,Mastercard Crédito,100000,2022-01-05,1
T00526,C0350,Mastercard Crédito,500000,2019-06-01,0
T00527,C0350,Visa Débito,0,2020-01-20,1
T00528,C0351,Visa Crédito,200000,2018-06-23,1
T00529,C0351,Mastercard Crédito,500000,2023-01-31,1
T00530,C0352,Mastercard Crédito,50000,2020-01-02,1
T00531,C0353,Visa Débito,0,2020-12-30,1
T00532,C0353,Amex Crédito,1000000,2019-04-01,1
T00533,C0353,Visa Débito,0,2023-07-14,1
T00534,C0354,Amex Crédito,500000,2021-01-31,1
T00535,C0355,Visa Débito,0,2019-02-01,1
T00536,C0356,Visa Crédito,200000,2020-07-22,1
T00537,C0357,Visa Débito,0,2021-07-28,1
T00538,C0357,Mastercard Crédito,100000,2018-06-07,1
T00539,C0358,Visa Crédito,1000000,2019-08-15,1
T00540,C0358,Visa Débito,0,2018-03-04,1
T00541,C0359,Visa Débito,0,2019-02-15,1
T00542,C0360,Visa Débito,0,2023-06-01,1
T00543,C0360,Visa Débito,0,2021-10-16,1
T00544,C0361,Visa Crédito,200000,2022-05-31,1
T00545,C0362,Visa Crédito,100000,2019-07-23,1
T00546,C0362,Visa Débito,0,2022-06-08,1
T00547,C0362,Visa Débito,0,2020-09-20,1
T00548,C0363,Visa Crédito,100000,2023-06-28,1
T00549,C0363,Visa Crédito,50000,2018-08-15,1
T00550,C0363,Mastercard Crédito,50000,2022-04-26,1
T00551,C0364,Visa Crédito,100000,2021-03-20,0
T00552,C0365,Mastercard Crédito,50000,2018-03-21,1
T00553,C0366,Amex Crédito,1000000,2023-05-30,1
T00554,C0366,Visa Débito,0,2023-04-24,1
T00555,C0367,Visa Débito,0,2023-01-16,1
T00556,C0368,Mastercard Crédito,100000,2020-05-01,1
T00557,C0369,Visa Crédito,100000,2023-04-27,1
T00558,C0370,Visa Crédito,50000,2023-02-09,1
T00559,C0371,Visa Crédito,1000000,2023-07-16,1
T00560,C0372,Visa Crédito,100000,2018-02-28,0
T00561,C0373,Visa Crédito,500000,2021-10-09,1
T00562,C0374,Amex Crédito,200000,2021-12-17,1
T00563,C0374,Amex Crédito,200000,2022-09-08,1
T00564,C0375,Mastercard Crédito,50000,2018-02-11,1
T00565,C0376,Mastercard Crédito,50000,2020-03-28,1
T00566,C0376,Visa Débito,0,2018-10-22,1
T00567,C0376,Visa Crédito,1000000,2020-11-03,1
T00568,C0377,Visa Crédito,50000,2022-05-23,1
T00569,C0377,Mastercard Crédito,500000,2019-04-10,0
T00570,C0377,Visa Crédito,200000,2019-07-22,1
T00571,C0378,Visa Débito,0,2021-12-04,1
T00572,C0379,Visa Crédito,100000,2022-11-22,1
T00573,C0379,Amex Crédito,500000,2018-08-07,1
T00574,C0379,Visa Débito,0,2023-08-07,0
T00575,C0380,Mastercard Crédito,50000,2021-05-28,1
T00576,C0380,Visa Crédito,500000,2023-08-18,1
T00577,C0381,Visa Débito,0,2018-12-12,1
T00578,C0381,Visa Crédito,1000000,2020-11-28,1
T00579,C0381,Amex Crédito,1000000,2023-01-21,1
T00580,C0382,Visa Crédito,1000000,2019-09-30,1
T00581,C0383,Visa Crédito,50000,2018-07-02,1
T00582,C0384,Visa Débito,0,2022-08-04,1
T00583,C0385,Mastercard Crédito,200000,2020-03-25,1
T00584,C0385,Amex Crédito,100000,2018-11-06,1
T00585,C0386,Visa Débito,0,2020-01-10,1
T00586,C0387,Visa Débito,0,2018-09-15,1
T00587,C0387,Visa Crédito,50000,2018-10-01,1
T00588,C0388,Mastercard Crédito,500000,2018-10-15,1
T00589,C0389,Mastercard Crédito,50000,2021-04-29,1
T00590,C0389,Mastercard Crédito,50000,2019-12-23,0
T00591,C0390,Amex Crédito,50000,2022-09-22,1
T00592,C0390,Visa Débito,0,2020-08-05,1
T00593,C0391,Mastercard Crédito,50000,2020-07-29,1
T00594,C0391,Mastercard Crédito,200000,2022-07-15,1
T00595,C0392,Visa Débito,0,2019-03-30,0
T00596,C0393,Visa Débito,0,2023-03-04,1
T00597,C0393,Mastercard Crédito,200000,2019-06-09,1
T00598,C0393,Mastercard Crédito,50000,2023-01-30,0
T00599,C0394,Mastercard Crédito,500000,2023-09-20,1
T00600,C0395,Visa Débito,0,2018-03-25,1
T00601,C0396,Visa Crédito,1000000,2018-05-16,0
T00602,C0397,Mastercard Crédito,500000,2021-02-17,1
T00603,C0398,Mastercard Crédito,1000000,2020-03-16,1
T00604,C0399,Visa Crédito,500000,2021-11-25,1
T00605,C0400,Mastercard Crédito,100000,2022-08-03,1
T00606,C0401,Visa Débito,0,2020-12-11,1
T00607,C0402,Mastercard Crédito,50000,2019-03-26,1
T00608,C0403,Visa Crédito,200000,2022-03-31,1
T00609,C0404,Mastercard Crédito,100000,2019-09-19,1
T00610,C0405,Visa Débito,0,2019-01-09,1
T00611,C0406,Mastercard Crédito,500000,2023-11-13,1
T00612,C0407,Visa Débito,0,2018-03-06,1
T00613,C0408,Visa Débito,0,2022-04-28,1
T00614,C0408,Amex Crédito,200000,2023-01-09,1
T00615,C0409,Visa Crédito,1000000,2023-12-27,1
T00616,C0410,Visa Crédito,500000,2023-04-27,1
T00617,C0410,Mastercard Crédito,100000,2021-01-05,0
T00618,C0411,Visa Crédito,500000,2019-06-25,1
T00619,C0411,Mastercard Crédito,200000,2022-09-05,1
T00620,C0412,Visa Crédito,50000,2021-06-28,1
T00621,C0412,Visa Crédito,500000,2018-10-20,1
T00622,C0413,Visa Crédito,500000,2020-02-04,1
T00623,C0413,Mastercard Crédito,200000,2021-11-15,1
T00624,C0414,Visa Crédito,500000,2019-10-21,1
T00625,C0415,Visa Débito,0,2018-06-04,0
T00626,C0415,Visa Débito,0,2022-03-02,1
T00627,C0415,Amex Crédito,500000,2021-10-17,0
T00628,C0416,Visa Débito,0,2021-07-25,1
T00629,C0416,Visa Débito,0,2019-08-16,1
T00630,C0417,Mastercard Crédito,50000,2019-12-04,0
T00631,C0417,Visa Débito,0,2019-01-31,1
T00632,C0418,Visa Crédito,1000000,2019-03-18,1
T00633,C0419,Visa Crédito,500000,2021-11-29,1
T00634,C0419,Visa Crédito,100000,2019-07-24,1
T00635,C0419,Amex Crédito,500000,2023-05-07,1
T00636,C0420,Visa Débito,0,2019-11-01,1
T00637,C0421,Mastercard Crédito,200000,2021-09-18,1
T00638,C0422,Mastercard Crédito,500000,2021-11-25,1
T00639,C0423,Mastercard Crédito,200000,2020-03-02,1
T00640,C0424,Visa Débito,0,2018-11-13,1
T00641,C0425,Visa Débito,0,2019-05-26,1
T00642,C0425,Visa Crédito,100000,2023-08-19,0
T00643,C0425,Visa Débito,0,2022-04-25,1
T00644,C0426,Visa Débito,0,2023-09-12,1
T00645,C0427,Visa Débito,0,2018-12-02,1
T00646,C0427,Visa Débito,0,2018-12-25,1
T00647,C0428,Visa Crédito,500000,2022-08-12,1
T00648,C0428,Mastercard Crédito,1000000,2023-04-06,1
T00649,C0429,Amex Crédito,500000,2021-08-02,1
T00650,C0430,Visa Débito,0,2021-04-02,0
T00651,C0430,Visa Crédito,100000,2018-03-13,1
T00652,C0431,Visa Crédito,500000,2021-11-03,1
T00653,C0432,Visa Crédito,1000000,2021-01-30,1
T00654,C0433,Visa Débito,0,2020-02-14,1
T00655,C0433,Mastercard Crédito,200000,2019-05-03,1
T00656,C0434,Visa Crédito,500000,2019-04-07,1
T00657,C0435,Visa Débito,0,2018-01-06,1
T00658,C0435,Visa Crédito,200000,2018-04-09,1
T00659,C0436,Mastercard Crédito,500000,2020-02-09,1
T00660,C0437,Visa Débito,0,2019-11-14,1
T00661,C0437,Visa Débito,0,2021-05-21,1
T00662,C0438,Mastercard Crédito,50000,2023-03-24,1
T00663,C0438,Visa Crédito,500000,2018-06-18,1
T00664,C0439,Mastercard Crédito,50000,2022-04-23,1
T00665,C0440,Visa Débito,0,2020-04-22,1
T00666,C0441,Visa Crédito,100000,2018-02-09,1
T00667,C0442,Mastercard Crédito,1000000,2021-05-01,1
T00668,C0442,Amex Crédito,500000,2020-06-16,1
T00669,C0443,Mastercard Crédito,200000,2021-06-05,1
T00670,C0444,Visa Débito,0,2019-05-15,1
T00671,C0445,Visa Crédito,500000,2022-10-30,1
T00672,C0445,Amex Crédito,200000,2021-03-31,1
T00673,C0446,Visa Crédito,100000,2020-07-27,1
T00674,C0446,Mastercard Crédito,100000,2021-06-07,1
T00675,C0447,Visa Débito,0,2023-03-01,1
T00676,C0448,Mastercard Crédito,50000,2021-03-15,1
T00677,C0449,Mastercard Crédito,100000,2022-10-24,1
T00678,C0450,Visa Débito,0,2020-07-25,1
T00679,C0451,Visa Crédito,1000000,2019-07-20,1
T00680,C0452,Visa Débito,0,2019-06-15,1
T00681,C0452,Visa Crédito,50000,2019-05-25,1
T00682,C0452,Visa Crédito,50000,2020-03-05,0
T00683,C0453,Mastercard Crédito,1000000,2023-08-01,1
T00684,C0453,Visa Débito,0,2019-07-08,1
T00685,C0454,Visa Débito,0,2022-03-10,1
T00686,C0455,Visa Débito,0,2020-12-18,1
T00687,C0455,Visa Débito,0,2023-01-20,1
T00688,C0456,Mastercard Crédito,1000000,2022-05-10,1
T00689,C0457,Visa Débito,0,2022-04-11,1
T00690,C0458,Mastercard Crédito,50000,2022-05-20,1
T00691,C0458,Visa Crédito,500000,2020-03-04,0
T00692,C0459,Amex Crédito,500000,2021-05-11,1
T00693,C0459,Mastercard Crédito,200000,2021-04-28,1
T00694,C0460,Visa Débito,0,2023-02-20,1
T00695,C0460,Mastercard Crédito,100000,2018-06-29,1
T00696,C0461,Visa Crédito,50000,2020-06-05,1
T00697,C0461,Visa Débito,0,2022-02-28,1
T00698,C0462,Amex Crédito,200000,2021-07-02,0
T00699,C0462,Mastercard Crédito,200000,2022-02-25,1
T00700,C0463,Visa Crédito,200000,2019-04-20,1
T00701,C0464,Visa Débito,0,2020-03-11,1
T00702,C0465,Visa Débito,0,2020-01-09,1
T00703,C0465,Amex Crédito,1000000,2023-09-20,1
T00704,C0465,Mastercard Crédito,1000000,2022-12-13,1
T00705,C0466,Visa Crédito,100000,2023-12-24,1
T00706,C0467,Visa Crédito,500000,2018-02-15,1
T00707,C0468,Visa Débito,0,2021-12-22,0
T00708,C0469,Visa Crédito,1000000,2020-03-22,1
T00709,C0470,Mastercard Crédito,500000,2021-12-13,1
T00710,C0470,Visa Crédito,1000000,2019-12-27,1
T00711,C0471,Visa Débito,0,2023-05-19,1
T00712,C0471,Amex Crédito,50000,2021-09-18,1
T00713,C0472,Visa Crédito,1000000,2020-07-31,1
T00714,C0472,Visa Débito,0,2022-06-25,1
T00715,C0472,Mastercard Crédito,50000,2019-12-29,1
T00716,C0473,Amex Crédito,200000,2021-05-04,1
T00717,C0473,Visa Débito,0,2022-02-04,0
T00718,C0473,Amex Crédito,100000,2022-12-14,1
T00719,C0474,Visa Débito,0,2021-08-28,1
T00720,C0475,Visa Débito,0,2022-09-29,1
T00721,C0475,Mastercard Crédito,50000,2018-04-15,0
T00722,C0476,Mastercard Crédito,200000,2020-03-28,1
T00723,C0476,Visa Crédito,100000,2023-02-21,1
T00724,C0477,Mastercard Crédito,100000,2020-10-15,0
T00725,C0477,Mastercard Crédito,50000,2020-02-14,1
T00726,C0478,Visa Débito,0,2019-12-20,1
T00727,C0478,Visa Crédito,100000,2020-10-02,1
T00728,C0479,Mastercard Crédito,100000,2019-12-18,1
T00729,C0480,Visa Débito,0,2023-12-06,1
T00730,C0480,Visa Débito,0,2022-05-28,1
T00731,C0481,Visa Débito,0,2018-04-02,1
T00732,C0482,Visa Débito,0,2022-01-17,1
T00733,C0482,Amex Crédito,50000,2023-10-11,1
T00734,C0483,Visa Crédito,500000,2023-01-26,1
T00735,C0483,Amex Crédito,1000000,2020-01-27,1
T00736,C0484,Mastercard Crédito,50000,2019-05-31,1
T00737,C0485,Visa Débito,0,2022-10-01,1
T00738,C0486,Mastercard Crédito,100000,2022-10-29,1
T00739,C0487,Visa Crédito,200000,2018-08-18,1
T00740,C0488,Visa Débito,0,2022-10-30,1
T00741,C0488,Visa Crédito,100000,2020-04-25,1
T00742,C0489,Amex Crédito,100000,2019-03-21,1
T00743,C0490,Visa Débito,0,2021-03-13,1
T00744,C0491,Mastercard Crédito,50000,2023-05-25,1
T00745,C0491,Mastercard Crédito,500000,2023-07-28,1
T00746,C0492,Mastercard Crédito,50000,2023-03-13,1
T00747,C0493,Mastercard Crédito,500000,2018-12-25,1
T00748,C0494,Visa Débito,0,2023-09-21,1
T00749,C0495,Mastercard Crédito,50000,2020-07-01,1
T00750,C0495,Visa Débito,0,2022-11-09,1
T00751,C0496,Visa Débito,0,2018-08-01,1
T00752,C0497,Visa Débito,0,2021-11-04,1
T00753,C0497,Visa Crédito,50000,2023-02-05,1
T00754,C0498,Visa Crédito,1000000,2020-03-15,1
T00755,C0498,Mastercard Crédito,1000000,2018-09-29,1
T00756,C0499,Visa Crédito,100000,2023-10-13,1
T00757,C0500,Visa Crédito,100000,2019-05-21,1
T00758,C0501,Mastercard Crédito,1000000,2021-09-14,1
T00759,C0502,Visa Débito,0,2021-02-03,1
T00760,C0502,Visa Crédito,500000,2022-12-02,1
T00761,C0503,Mastercard Crédito,200000,2019-11-10,1
T00762,C0504,Visa Débito,0,2021-09-21,1
T00763,C0505,Mastercard Crédito,100000,2018-10-08,1
T00764,C0505,Mastercard Crédito,200000,2019-08-31,1
T00765,C0506,Visa Débito,0,2023-07-11,1
T00766,C0506,Visa Crédito,500000,2018-05-02,1
T00767,C0507,Visa Crédito,50000,2018-02-28,1
T00768,C0507,Visa Débito,0,2022-12-16,1
T00769,C0508,Visa Crédito,1000000,2020-07-30,1
T00770,C0509,Visa Crédito,1000000,2022-03-31,1
T00771,C0510,Visa Crédito,100000,2022-07-09,1
T00772,C0510,Visa Débito,0,2022-12-04,1
T00773,C0511,Amex Crédito,100000,2021-04-27,1
T00774,C0511,Mastercard Crédito,1000000,2019-12-05,1
T00775,C0512,Mastercard Crédito,500000,2018-03-20,1
T00776,C0513,Visa Crédito,500000,2020-09-11,1
T00777,C0514,Mastercard Crédito,100000,2019-05-14,1
T00778,C0515,Mastercard Crédito,100000,2023-10-07,1
T00779,C0515,Amex Crédito,500000,2023-02-20,1
T00780,C0516,Visa Crédito,500000,2019-05-08,1
T00781,C0516,Visa Débito,0,2020-08-05,1
T00782,C0517,Visa Crédito,200000,2019-06-15,1
T00783,C0518,Mastercard Crédito,100000,2018-07-08,1
T00784,C0519,Mastercard Crédito,500000,2020-04-29,1
T00785,C0519,Visa Crédito,50000,2022-07-10,1
T00786,C0520,Visa Débito,0,2023-12-05,1
T00787,C0521,Visa Débito,0,2022-08-05,1
T00788,C0522,Visa Débito,0,2023-05-18,1
T00789,C0523,Visa Débito,0,2021-03-11,1
T00790,C0524,Mastercard Crédito,500000,2019-10-22,1
T00791,C0524,Mastercard Crédito,100000,2023-11-15,1
T00792,C0524,Mastercard Crédito,1000000,2022-01-31,1
T00793,C0525,Mastercard Crédito,1000000,2021-07-05,0
T00794,C0526,Visa Débito,0,2019-02-20,1
T00795,C0527,Visa Crédito,100000,2019-11-20,0
T00796,C0528,Visa Crédito,100000,2020-06-29,0
T00797,C0528,Visa Crédito,500000,2021-06-01,1
T00798,C0529,Mastercard Crédito,500000,2022-07-23,1
T00799,C0530,Visa Crédito,500000,2018-07-13,1
T00800,C0530,Visa Crédito,500000,2022-01-13,1
T00801,C0531,Visa Débito,0,2019-11-29,0
T00802,C0531,Visa Débito,0,2019-06-24,1
T00803,C0532,Amex Crédito,200000,2020-02-01,0
T00804,C0533,Visa Crédito,100000,2021-12-14,1
T00805,C0533,Visa Crédito,500000,2021-08-12,0
T00806,C0534,Visa Crédito,50000,2022-12-02,1
T00807,C0535,Visa Débito,0,2022-11-20,1
T00808,C0535,Visa Crédito,200000,2019-11-08,1
T00809,C0536,Visa Crédito,500000,2021-09-22,1
T00810,C0536,Visa Crédito,200000,2018-12-01,1
T00811,C0537,Mastercard Crédito,100000,2019-09-11,1
T00812,C0537,Mastercard Crédito,100000,2019-05-02,1
T00813,C0538,Mastercard Crédito,100000,2023-08-23,0
T00814,C0538,Mastercard Crédito,500000,2019-01-07,1
T00815,C0538,Mastercard Crédito,1000000,2021-02-27,1
T00816,C0539,Visa Débito,0,2022-05-18,1
T00817,C0540,Visa Crédito,500000,2018-11-29,0
T00818,C0541,Visa Débito,0,2022-01-31,1
T00819,C0541,Amex Crédito,100000,2021-04-27,1
T00820,C0542,Mastercard Crédito,500000,2018-11-17,1
T00821,C0543,Mastercard Crédito,1000000,2022-02-09,1
T00822,C0544,Visa Débito,0,2023-02-09,1
T00823,C0544,Visa Crédito,1000000,2023-09-13,1
T00824,C0545,Visa Débito,0,2022-11-01,1
T00825,C0545,Visa Débito,0,2019-05-13,1
T00826,C0546,Visa Crédito,200000,2021-07-24,0
T00827,C0547,Visa Débito,0,2018-10-17,1
T00828,C0548,Visa Débito,0,2020-09-13,1
T00829,C0549,Visa Crédito,50000,2023-06-30,1
T00830,C0550,Mastercard Crédito,200000,2020-07-12,1
T00831,C0551,Mastercard Crédito,500000,2021-03-11,1
T00832,C0551,Visa Crédito,200000,2018-01-08,1
T00833,C0552,Amex Crédito,500000,2019-06-02,1
T00834,C0553,Visa Crédito,1000000,2019-08-02,1
T00835,C0553,Visa Débito,0,2021-10-25,1
T00836,C0553,Mastercard Crédito,100000,2021-08-05,1
T00837,C0554,Visa Crédito,1000000,2019-10-26,0
T00838,C0555,Mastercard Crédito,1000000,2022-10-06,1
T00839,C0556,Visa Débito,0,2023-04-10,1
T00840,C0556,Amex Crédito,50000,2021-09-16,1
T00841,C0557,Visa Crédito,500000,2019-02-09,1
T00842,C0557,Mastercard Crédito,100000,2021-01-15,1
T00843,C0558,Visa Débito,0,2023-12-16,1
T00844,C0558,Mastercard Crédito,50000,2019-06-30,1
T00845,C0558,Visa Débito,0,2019-09-09,1
T00846,C0559,Visa Crédito,100000,2022-12-16,1
T00847,C0559,Visa Crédito,200000,2020-01-24,1
T00848,C0560,Visa Débito,0,2021-02-07,1
T00849,C0560,Mastercard Crédito,50000,2022-01-26,1
T00850,C0561,Mastercard Crédito,500000,2021-06-11,1
T00851,C0561,Visa Crédito,200000,2022-07-12,1
T00852,C0562,Visa Crédito,50000,2021-12-31,1
T00853,C0563,Visa Crédito,200000,2019-01-02,1
T00854,C0564,Mastercard Crédito,100000,2023-08-04,1
T00855,C0564,Visa Crédito,500000,2020-06-22,1
T00856,C0564,Visa Débito,0,2022-10-30,1
T00857,C0565,Visa Crédito,100000,2018-12-06,1
T00858,C0565,Mastercard Crédito,50000,2021-01-14,0
T00859,C0566,Visa Crédito,50000,2021-10-04,1
T00860,C0567,Visa Débito,0,2022-12-17,1
T00861,C0568,Mastercard Crédito,1000000,2020-07-11,1
T00862,C0569,Visa Crédito,200000,2021-04-27,1
T00863,C0570,Amex Crédito,100000,2019-02-07,1
T00864,C0570,Mastercard Crédito,100000,2018-06-26,1
T00865,C0571,Visa Crédito,200000,2020-01-21,1
T00866,C0571,Visa Crédito,100000,2022-07-22,1
T00867,C0572,Mastercard Crédito,500000,2019-05-27,1
T00868,C0573,Mastercard Crédito,200000,2019-09-21,1
T00869,C0574,Mastercard Crédito,50000,2022-10-05,1
T00870,C0575,Amex Crédito,1000000,2020-10-21,1
T00871,C0575,Mastercard Crédito,1000000,2020-11-19,1
T00872,C0576,Mastercard Crédito,500000,2021-03-24,1
T00873,C0577,Mastercard Crédito,1000000,2023-12-10,1
T00874,C0577,Mastercard Crédito,200000,2020-02-04,1
T00875,C0578,Mastercard Crédito,100000,2021-08-10,1
T00876,C0578,Visa Débito,0,2022-05-13,0
T00877,C0579,Visa Crédito,200000,2023-03-24,1
T00878,C0580,Visa Débito,0,2023-05-15,1
T00879,C0581,Visa Débito,0,2020-05-17,1
T00880,C0582,Visa Débito,0,2022-08-11,1
T00881,C0583,Amex Crédito,1000000,2021-12-10,1
T00882,C0583,Visa Débito,0,2023-01-06,0
T00883,C0583,Amex Crédito,100000,2020-11-24,1
T00884,C0584,Visa Crédito,50000,2022-06-28,1
T00885,C0585,Visa Débito,0,2020-05-18,1
T00886,C0585,Mastercard Crédito,200000,2020-08-08,1
T00887,C0586,Visa Débito,0,2023-08-08,1
T00888,C0586,Amex Crédito,50000,2021-03-14,1
T00889,C0587,Visa Débito,0,2018-01-18,1
T00890,C0588,Visa Crédito,500000,2023-04-26,1
T00891,C0589,Visa Crédito,200000,2020-11-19,1
T00892,C0589,Visa Crédito,1000000,2023-01-15,0
T00893,C0590,Mastercard Crédito,500000,2019-03-20,1
T00894,C0591,Amex Crédito,100000,2018-08-22,1
T00895,C0591,Mastercard Crédito,200000,2022-06-23,1
T00896,C0592,Amex Crédito,1000000,2018-08-29,0
T00897,C0593,Visa Débito,0,2020-03-15,1
T00898,C0593,Amex Crédito,50000,2022-08-05,1
T00899,C0593,Visa Crédito,500000,2018-03-23,1
T00900,C0594,Mastercard Crédito,100000,2020-02-29,1
T00901,C0595,Visa Crédito,500000,2022-02-05,1
T00902,C0596,Visa Crédito,200000,2023-01-19,1
T00903,C0596,Mastercard Crédito,1000000,2018-05-30,1
T00904,C0596,Visa Débito,0,2023-12-19,1
T00905,C0597,Mastercard Crédito,100000,2018-06-18,1
T00906,C0598,Visa Crédito,1000000,2018-09-11,1
T00907,C0598,Mastercard Crédito,100000,2023-10-27,1
T00908,C0599,Visa Crédito,50000,2018-12-29,1
T00909,C0600,Visa Débito,0,2018-03-26,1
T00910,C0601,Visa Crédito,100000,2019-09-23,1
T00911,C0601,Visa Crédito,200000,2022-09-22,1
T00912,C0601,Mastercard Crédito,1000000,2022-07-07,1
T00913,C0602,Visa Crédito,100000,2023-03-25,1
T00914,C0603,Visa Crédito,100000,2018-02-08,1
T00915,C0604,Mastercard Crédito,1000000,2023-02-02,1
T00916,C0605,Visa Débito,0,2021-06-09,1
T00917,C0605,Visa Crédito,500000,2018-09-27,1
T00918,C0606,Visa Débito,0,2021-01-17,1
T00919,C0606,Visa Débito,0,2023-11-13,1
T00920,C0607,Mastercard Crédito,200000,2023-12-04,1
T00921,C0608,Visa Crédito,1000000,2019-01-07,1
T00922,C0608,Amex Crédito,500000,2019-04-10,1
T00923,C0608,Visa Crédito,1000000,2023-10-05,1
T00924,C0609,Visa Crédito,100000,2018-08-10,1
T00925,C0610,Amex Crédito,50000,2022-04-06,1
T00926,C0611,Visa Crédito,1000000,2021-08-23,1
T00927,C0612,Amex Crédito,50000,2019-05-12,1
T00928,C0613,Visa Crédito,100000,2022-05-09,1
T00929,C0613,Visa Crédito,200000,2022-09-15,1
T00930,C0614,Visa Crédito,500000,2020-09-25,1
T00931,C0614,Mastercard Crédito,1000000,2023-12-01,1
T00932,C0615,Visa Crédito,100000,2023-01-16,1
T00933,C0615,Mastercard Crédito,200000,2022-03-31,0
T00934,C0616,Visa Débito,0,2023-05-19,1
T00935,C0617,Mastercard Crédito,500000,2022-07-02,1
T00936,C0618,Mastercard Crédito,100000,2021-07-28,1
T00937,C0618,Mastercard Crédito,500000,2019-03-10,1
T00938,C0619,Visa Débito,0,2021-07-29,0
T00939,C0620,Mastercard Crédito,1000000,2020-02-21,1
T00940,C0621,Visa Débito,0,2019-10-01,1
T00941,C0622,Mastercard Crédito,50000,2018-04-15,1
T00942,C0623,Visa Crédito,500000,2018-10-26,1
T00943,C0623,Visa Débito,0,2022-01-02,1
T00944,C0624,Visa Débito,0,2019-12-12,1
T00945,C0624,Visa Crédito,500000,2023-01-01,1
T00946,C0625,Visa Crédito,200000,2018-06-05,1
T00947,C0625,Visa Débito,0,2023-10-18,1
T00948,C0625,Mastercard Crédito,500000,2019-10-16,1
T00949,C0626,Mastercard Crédito,1000000,2021-10-20,1
T00950,C0626,Visa Crédito,1000000,2021-02-13,1
T00951,C0627,Visa Débito,0,2018-01-30,1
T00952,C0628,Visa Crédito,50000,2018-04-17,1
T00953,C0628,Mastercard Crédito,500000,2021-05-05,0
T00954,C0629,Visa Débito,0,2023-03-06,0
T00955,C0630,Visa Débito,0,2023-11-04,1
T00956,C0631,Visa Débito,0,2019-08-22,1
T00957,C0632,Visa Débito,0,2023-11-13,1
T00958,C0633,Visa Crédito,100000,2018-10-15,1
T00959,C0633,Visa Crédito,100000,2018-05-16,0
T00960,C0634,Mastercard Crédito,50000,2019-01-16,1
T00961,C0634,Mastercard Crédito,500000,2020-08-11,1
T00962,C0635,Mastercard Crédito,200000,2022-11-09,1
T00963,C0635,Visa Débito,0,2019-08-09,1
T00964,C0635,Visa Débito,0,2021-11-03,1
T00965,C0636,Visa Crédito,100000,2023-06-11,1
T00966,C0637,Visa Débito,0,2022-08-18,1
T00967,C0638,Mastercard Crédito,1000000,2020-04-07,1
T00968,C0639,Mastercard Crédito,100000,2019-09-06,1
T00969,C0639,Mastercard Crédito,200000,2022-12-11,1
T00970,C0640,Visa Débito,0,2023-07-25,1
T00971,C0641,Visa Crédito,50000,2020-05-15,1
T00972,C0642,Mastercard Crédito,50000,2023-11-02,1
T00973,C0643,Visa Débito,0,2020-11-14,1
T00974,C0643,Visa Crédito,100000,2020-02-23,1
T00975,C0644,Mastercard Crédito,1000000,2020-11-08,0
T00976,C0644,Amex Crédito,1000000,2023-01-10,1
T00977,C0645,Visa Crédito,100000,2023-04-17,0
T00978,C0645,Amex Crédito,50000,2021-01-26,1
T00979,C0645,Visa Débito,0,2023-02-10,1
T00980,C0646,Visa Débito,0,2020-09-20,1
T00981,C0647,Visa Débito,0,2023-06-17,1
T00982,C0647,Amex Crédito,1000000,2020-10-09,1
T00983,C0648,Visa Débito,0,2018-06-11,1
T00984,C0648,Visa Crédito,1000000,2019-04-14,0
T00985,C0649,Visa Débito,0,2021-02-13,1
T00986,C0649,Mastercard Crédito,200000,2023-06-03,1
T00987,C0650,Amex Crédito,50000,2021-04-06,1
T00988,C0651,Visa Débito,0,2018-10-31,1
T00989,C0652,Visa Débito,0,2023-06-08,1
T00990,C0652,Amex Crédito,100000,2021-08-26,1
T00991,C0653,Visa Crédito,1000000,2020-01-28,1
T00992,C0653,Mastercard Crédito,50000,2019-08-15,1
T00993,C0653,Mastercard Crédito,200000,2021-09-10,1
T00994,C0654,Visa Débito,0,2022-01-30,0
T00995,C0654,Visa Crédito,1000000,2020-06-02,1
T00996,C0654,Mastercard Crédito,500000,2020-06-23,0
T00997,C0655,Mastercard Crédito,1000000,2018-11-16,1
T00998,C0655,Visa Crédito,50000,2021-10-11,0
T00999,C0656,Visa Crédito,500000,2022-03-27,1
T01000,C0657,Visa Crédito,50000,2021-10-05,1
T01001,C0658,Mastercard Crédito,1000000,2022-12-16,1
T01002,C0658,Mastercard Crédito,200000,2018-03-11,0
T01003,C0659,Visa Débito,0,2019-11-23,1
T01004,C0659,Visa Crédito,50000,2023-07-29,1
T01005,C0659,Visa Débito,0,2022-04-21,0
T01006,C0660,Mastercard Crédito,100000,2023-07-17,0
T01007,C0661,Visa Débito,0,2023-10-07,1
T01008,C0662,Amex Crédito,100000,2022-08-30,1
T01009,C0663,Mastercard Crédito,100000,2021-11-21,1
T01010,C0663,Visa Débito,0,2022-06-26,1
T01011,C0664,Visa Crédito,200000,2021-01-12,1
T01012,C0665,Amex Crédito,1000000,2022-09-12,1
T01013,C0665,Visa Débito,0,2019-01-11,1
T01014,C0665,Mastercard Crédito,100000,2020-06-12,1
T01015,C0666,Amex Crédito,200000,2021-07-07,1
T01016,C0666,Mastercard Crédito,1000000,2022-06-14,0
T01017,C0667,Visa Crédito,500000,2022-12-22,1
T01018,C0668,Mastercard Crédito,50000,2022-09-04,1
T01019,C0669,Visa Débito,0,2018-06-10,1
T01020,C0670,Visa Crédito,100000,2022-02-07,1
T01021,C0671,Visa Débito,0,2020-04-02,1
T01022,C0672,Visa Crédito,500000,2022-02-08,1
T01023,C0673,Mastercard Crédito,1000000,2020-02-20,1
T01024,C0673,Visa Crédito,200000,2021-12-29,0
T01025,C0674,Visa Débito,0,2019-01-11,1
T01026,C0674,Amex Crédito,1000000,2023-10-24,1
T01027,C0675,Amex Crédito,500000,2021-04-25,1
T01028,C0675,Amex Crédito,500000,2018-09-11,1
T01029,C0675,Visa Débito,0,2020-11-14,1
T01030,C0676,Mastercard Crédito,50000,2019-03-16,1
T01031,C0677,Visa Crédito,50000,2019-12-22,1
T01032,C0677,Mastercard Crédito,1000000,2019-09-30,1
T01033,C0678,Visa Crédito,1000000,2022-08-22,1
T01034,C0678,Amex Crédito,500000,2019-04-26,1
T01035,C0679,Visa Crédito,50000,2021-12-18,1
T01036,C0679,Visa Crédito,1000000,2021-08-20,1
T01037,C0680,Mastercard Crédito,100000,2018-03-09,1
T01038,C0681,Mastercard Crédito,100000,2019-04-05,0
T01039,C0682,Visa Crédito,500000,2021-05-21,1
T01040,C0682,Mastercard Crédito,50000,2022-05-08,1
T01041,C0683,Visa Crédito,50000,2018-06-28,1
T01042,C0684,Visa Crédito,1000000,2019-10-31,1
T01043,C0684,Mastercard Crédito,500000,2021-06-23,1
T01044,C0685,Visa Débito,0,2023-08-17,1
T01045,C0685,Visa Débito,0,2021-02-22,1
T01046,C0686,Visa Crédito,100000,2020-07-09,1
T01047,C0686,Mastercard Crédito,200000,2020-06-19,1
T01048,C0687,Visa Débito,0,2022-11-10,0
T01049,C0688,Mastercard Crédito,1000000,2021-04-09,0
T01050,C0689,Visa Débito,0,2023-09-27,1
T01051,C0689,Mastercard Crédito,200000,2018-06-22,1
T01052,C0690,Visa Crédito,100000,2020-11-05,1
T01053,C0691,Visa Crédito,200000,2020-12-25,1
T01054,C0691,Visa Crédito,200000,2019-09-18,1
T01055,C0691,Visa Crédito,50000,2020-07-28,1
T01056,C0692,Visa Crédito,500000,2023-10-16,1
T01057,C0692,Visa Débito,0,2022-07-29,1
T01058,C0693,Mastercard Crédito,200000,2018-07-25,1
T01059,C0694,Visa Crédito,200000,2018-09-06,1
T01060,C0695,Mastercard Crédito,200000,2019-12-03,1
T01061,C0696,Visa Crédito,200000,2020-09-22,1
T01062,C0696,Visa Crédito,100000,2019-03-29,1
T01063,C0697,Visa Débito,0,2021-10-24,1
T01064,C0698,Amex Crédito,50000,2020-04-29,1
T01065,C0699,Visa Débito,0,2021-06-04,0
T01066,C0700,Mastercard Crédito,50000,2023-02-12,1
T01067,C0700,Visa Crédito,50000,2021-02-16,1
T01068,C0701,Mastercard Crédito,500000,2023-06-26,1
T01069,C0702,Visa Débito,0,2023-09-24,1
T01070,C0703,Visa Débito,0,2021-10-30,1
T01071,C0704,Visa Crédito,200000,2019-12-15,1
T01072,C0704,Visa Débito,0,2020-05-13,1
T01073,C0705,Amex Crédito,100000,2023-01-17,1
T01074,C0706,Mastercard Crédito,200000,2018-12-07,0
T01075,C0707,Mastercard Crédito,500000,2023-09-18,1
T01076,C0707,Mastercard Crédito,100000,2021-09-15,1
T01077,C0707,Mastercard Crédito,200000,2018-09-01,1
T01078,C0708,Visa Crédito,200000,2020-05-05,1
T01079,C0709,Visa Crédito,200000,2022-09-13,1
T01080,C0710,Mastercard Crédito,50000,2019-06-06,1
T01081,C0710,Mastercard Crédito,200000,2023-12-11,1
T01082,C0711,Visa Débito,0,2023-04-13,1
T01083,C0711,Amex Crédito,100000,2019-10-23,1
T01084,C0712,Visa Débito,0,2018-11-16,1
T01085,C0713,Visa Débito,0,2022-11-03,1
T01086,C0714,Mastercard Crédito,200000,2022-10-09,1
T01087,C0715,Mastercard Crédito,100000,2021-10-25,1
T01088,C0715,Visa Crédito,500000,2018-03-02,1
T01089,C0716,Visa Débito,0,2021-06-21,1
T01090,C0717,Visa Crédito,50000,2019-04-19,1
T01091,C0718,Visa Crédito,50000,2020-06-22,1
T01092,C0719,Visa Crédito,1000000,2020-12-26,1
T01093,C0719,Mastercard Crédito,50000,2019-11-23,1
T01094,C0720,Visa Débito,0,2019-10-08,0
T01095,C0720,Visa Crédito,500000,2019-05-31,1
T01096,C0720,Mastercard Crédito,1000000,2022-07-22,0
T01097,C0721,Visa Crédito,1000000,2022-06-17,1
T01098,C0721,Amex Crédito,50000,2021-06-24,1
T01099,C0721,Amex Crédito,200000,2019-09-20,1
T01100,C0722,Mastercard Crédito,200000,2023-10-22,1
T01101,C0723,Visa Débito,0,2023-07-03,1
T01102,C0724,Visa Débito,0,2021-09-30,1
T01103,C0725,Visa Crédito,50000,2021-11-07,1
T01104,C0726,Visa Débito,0,2022-04-26,1
T01105,C0727,Visa Débito,0,2021-09-30,1
T01106,C0727,Amex Crédito,1000000,2022-04-02,1
T01107,C0727,Visa Débito,0,2019-04-29,1
T01108,C0728,Visa Débito,0,2021-02-24,1
T01109,C0728,Visa Débito,0,2019-02-27,1
T01110,C0729,Mastercard Crédito,50000,2020-04-12,1
T01111,C0729,Visa Crédito,50000,2023-05-22,1
T01112,C0729,Visa Crédito,500000,2021-05-23,1
T01113,C0730,Mastercard Crédito,100000,2019-01-10,1
T01114,C0730,Visa Crédito,50000,2020-07-02,1
T01115,C0730,Mastercard Crédito,100000,2022-10-20,1
T01116,C0731,Visa Débito,0,2021-11-14,1
T01117,C0731,Mastercard Crédito,50000,2023-09-30,1
T01118,C0731,Mastercard Crédito,500000,2020-09-14,1
T01119,C0732,Mastercard Crédito,50000,2018-04-09,1
T01120,C0732,Visa Crédito,1000000,2020-01-16,1
T01121,C0733,Mastercard Crédito,200000,2020-02-25,1
T01122,C0733,Amex Crédito,1000000,2021-03-21,1
T01123,C0733,Visa Crédito,200000,2020-06-13,0
T01124,C0734,Visa Crédito,500000,2022-12-02,1
T01125,C0734,Mastercard Crédito,100000,2019-06-03,1
T01126,C0735,Mastercard Crédito,1000000,2022-04-08,1
T01127,C0736,Amex Crédito,50000,2020-02-15,0
T01128,C0737,Visa Crédito,500000,2019-08-29,1
T01129,C0738,Mastercard Crédito,1000000,2021-09-28,1
T01130,C0738,Visa Débito,0,2021-10-08,1
T01131,C0739,Visa Débito,0,2018-08-14,1
T01132,C0740,Mastercard Crédito,1000000,2021-05-19,0
T01133,C0741,Visa Débito,0,2023-05-07,1
T01134,C0741,Mastercard Crédito,50000,2020-08-26,0
T01135,C0742,Visa Débito,0,2020-12-16,1
T01136,C0742,Visa Crédito,500000,2020-10-22,1
T01137,C0742,Mastercard Crédito,50000,2019-12-31,1
T01138,C0743,Mastercard Crédito,50000,2022-10-02,1
T01139,C0744,Mastercard Crédito,50000,2018-11-15,1
T01140,C0745,Visa Crédito,1000000,2020-08-01,0
T01141,C0746,Visa Débito,0,2019-02-23,1
T01142,C0746,Mastercard Crédito,100000,2023-07-19,1
T01143,C0747,Visa Crédito,50000,2021-02-26,1
T01144,C0748,Mastercard Crédito,50000,2021-12-21,1
T01145,C0748,Mastercard Crédito,50000,2021-04-30,1
T01146,C0749,Visa Débito,0,2018-02-17,1
T01147,C0749,Visa Crédito,50000,2020-01-24,1
T01148,C0750,Visa Débito,0,2019-07-08,1
T01149,C0751,Amex Crédito,500000,2019-07-02,1
T01150,C0751,Visa Crédito,50000,2023-01-17,1
T01151,C0751,Mastercard Crédito,50000,2018-02-18,1
T01152,C0752,Mastercard Crédito,1000000,2023-09-03,1
T01153,C0753,Mastercard Crédito,1000000,2020-10-14,1
T01154,C0753,Mastercard Crédito,100000,2022-11-11,1
T01155,C0754,Amex Crédito,1000000,2023-10-15,1
T01156,C0755,Visa Débito,0,2018-01-16,1
T01157,C0756,Mastercard Crédito,1000000,2019-11-21,1
T01158,C0756,Mastercard Crédito,500000,2021-04-27,1
T01159,C0757,Visa Crédito,50000,2018-03-03,1
T01160,C0757,Visa Débito,0,2022-06-15,1
T01161,C0758,Mastercard Crédito,100000,2020-06-04,1
T01162,C0758,Visa Crédito,500000,2021-05-20,1
T01163,C0758,Visa Débito,0,2023-10-10,1
T01164,C0759,Mastercard Crédito,500000,2019-11-25,1
T01165,C0760,Mastercard Crédito,100000,2018-05-10,1
T01166,C0761,Visa Débito,0,2018-02-24,1
T01167,C0761,Mastercard Crédito,1000000,2021-05-05,1
T01168,C0762,Mastercard Crédito,100000,2020-01-28,1
T01169,C0763,Visa Débito,0,2018-06-02,1
T01170,C0763,Mastercard Crédito,500000,2019-03-03,1
T01171,C0763,Visa Débito,0,2021-02-09,1
T01172,C0764,Amex Crédito,200000,2020-08-14,1
T01173,C0764,Visa Débito,0,2021-07-27,1
T01174,C0765,Visa Débito,0,2019-12-04,1
T01175,C0766,Visa Crédito,100000,2023-11-03,1
T01176,C0767,Visa Débito,0,2021-02-08,1
T01177,C0767,Mastercard Crédito,500000,2020-10-01,1
T01178,C0768,Visa Débito,0,2019-11-18,1
T01179,C0769,Amex Crédito,1000000,2022-08-21,1
T01180,C0770,Mastercard Crédito,1000000,2021-09-20,1
T01181,C0770,Mastercard Crédito,200000,2021-03-02,1
T01182,C0771,Visa Débito,0,2021-07-16,1
T01183,C0771,Mastercard Crédito,500000,2023-02-07,1
T01184,C0772,Visa Débito,0,2023-09-05,1
T01185,C0773,Mastercard Crédito,200000,2022-04-12,1
T01186,C0773,Mastercard Crédito,1000000,2023-11-05,1
T01187,C0774,Visa Crédito,500000,2018-10-13,1
T01188,C0774,Visa Débito,0,2021-12-16,1
T01189,C0774,Amex Crédito,50000,2022-03-24,1
T01190,C0775,Visa Crédito,50000,2018-11-27,1
T01191,C0776,Visa Crédito,1000000,2023-05-11,1
T01192,C0777,Mastercard Crédito,200000,2021-01-24,1
T01193,C0778,Visa Crédito,1000000,2021-04-09,1
T01194,C0778,Visa Crédito,1000000,2022-08-17,1
T01195,C0779,Visa Débito,0,2018-02-17,1
T01196,C0780,Mastercard Crédito,200000,2023-04-04,1
T01197,C0780,Visa Crédito,500000,2023-09-21,1
T01198,C0781,Visa Crédito,500000,2020-02-29,1
T01199,C0782,Visa Débito,0,2022-03-24,1
T01200,C0783,Amex Crédito,50000,2018-01-21,1
T01201,C0783,Mastercard Crédito,500000,2018-09-22,0
T01202,C0784,Visa Crédito,50000,2020-08-26,1
T01203,C0785,Visa Crédito,1000000,2018-03-25,1
T01204,C0786,Visa Débito,0,2018-08-11,1
T01205,C0786,Visa Débito,0,2021-04-07,1
T01206,C0787,Visa Débito,0,2019-08-31,0
T01207,C0787,Visa Crédito,1000000,2020-07-08,1
T01208,C0787,Visa Débito,0,2023-04-30,1
T01209,C0788,Visa Débito,0,2021-03-30,0
T01210,C0789,Mastercard Crédito,50000,2020-02-17,1
T01211,C0789,Visa Crédito,200000,2018-06-16,1
T01212,C0790,Visa Crédito,500000,2023-06-13,1
T01213,C0790,Mastercard Crédito,100000,2022-07-14,1
T01214,C0791,Visa Débito,0,2021-11-12,1
T01215,C0792,Visa Débito,0,2023-11-28,1
T01216,C0792,Visa Débito,0,2023-01-27,1
T01217,C0793,Mastercard Crédito,50000,2022-05-23,1
T01218,C0794,Mastercard Crédito,500000,2018-10-27,1
T01219,C0794,Mastercard Crédito,500000,2018-09-06,1
T01220,C0795,Visa Débito,0,2019-12-25,1
T01221,C0796,Mastercard Crédito,200000,2022-06-30,1
T01222,C0797,Visa Débito,0,2018-02-19,1
T01223,C0797,Visa Débito,0,2023-01-12,1
T01224,C0798,Mastercard Crédito,1000000,2021-01-09,1
T01225,C0799,Visa Crédito,100000,2018-07-23,1
T01226,C0800,Amex Crédito,50000,2022-01-04,1
T01227,C0801,Visa Débito,0,2019-10-19,1
T01228,C0801,Visa Crédito,200000,2019-06-20,1
T01229,C0802,Visa Débito,0,2021-09-07,1
T01230,C0802,Visa Débito,0,2020-07-19,1
T01231,C0803,Visa Débito,0,2023-04-01,1
T01232,C0804,Visa Crédito,500000,2020-06-15,1
T01233,C0805,Mastercard Crédito,200000,2019-09-23,1
T01234,C0805,Mastercard Crédito,1000000,2019-10-16,1
T01235,C0806,Visa Crédito,1000000,2020-07-20,1
T01236,C0807,Mastercard Crédito,500000,2023-05-26,1
T01237,C0808,Amex Crédito,50000,2023-10-20,1
T01238,C0808,Mastercard Crédito,200000,2022-02-09,1
T01239,C0809,Amex Crédito,1000000,2019-01-11,1
T01240,C0810,Visa Débito,0,2019-12-09,1
T01241,C0810,Visa Crédito,50000,2018-02-20,1
T01242,C0811,Mastercard Crédito,100000,2020-12-08,1
T01243,C0812,Visa Crédito,1000000,2023-05-25,1
T01244,C0812,Visa Débito,0,2021-10-27,1
T01245,C0813,Visa Débito,0,2019-11-16,1
T01246,C0813,Mastercard Crédito,200000,2023-09-08,1
T01247,C0814,Visa Crédito,1000000,2018-04-24,1
T01248,C0815,Visa Crédito,200000,2018-09-18,0
T01249,C0816,Visa Débito,0,2023-03-25,1
T01250,C0817,Visa Débito,0,2021-11-23,1
T01251,C0818,Visa Débito,0,2022-05-25,1
T01252,C0818,Visa Débito,0,2022-06-19,1
T01253,C0819,Visa Débito,0,2018-07-25,1
T01254,C0819,Visa Débito,0,2022-05-15,1
T01255,C0820,Mastercard Crédito,500000,2023-04-19,1
T01256,C0821,Amex Crédito,1000000,2018-06-08,1
T01257,C0822,Visa Débito,0,2022-03-23,1
T01258,C0823,Visa Crédito,200000,2022-02-10,1
T01259,C0824,Visa Crédito,1000000,2022-04-11,1
T01260,C0825,Mastercard Crédito,1000000,2023-07-06,1
T01261,C0826,Mastercard Crédito,200000,2018-03-14,1
T01262,C0826,Visa Débito,0,2021-08-16,1
T01263,C0827,Amex Crédito,50000,2019-10-17,1
T01264,C0827,Visa Débito,0,2021-09-13,1
T01265,C0828,Visa Crédito,100000,2018-09-30,1
T01266,C0828,Visa Crédito,100000,2021-01-16,1
T01267,C0829,Visa Crédito,100000,2019-02-16,0
T01268,C0830,Visa Débito,0,2021-11-04,1
T01269,C0831,Visa Crédito,100000,2023-12-08,0
T01270,C0832,Mastercard Crédito,100000,2022-07-15,1
T01271,C0833,Visa Crédito,500000,2020-04-09,1
T01272,C0833,Mastercard Crédito,200000,2019-07-04,0
T01273,C0834,Mastercard Crédito,1000000,2020-04-25,0
T01274,C0834,Visa Débito,0,2018-02-13,1
T01275,C0835,Visa Crédito,200000,2020-11-13,1
T01276,C0836,Mastercard Crédito,500000,2023-01-30,1
T01277,C0836,Visa Crédito,1000000,2019-03-14,1
T01278,C0837,Amex Crédito,50000,2022-04-29,1
T01279,C0838,Visa Crédito,500000,2022-06-01,1
T01280,C0839,Visa Débito,0,2019-06-17,1
T01281,C0839,Visa Crédito,100000,2022-06-03,0
T01282,C0840,Visa Crédito,50000,2022-04-01,1
T01283,C0840,Visa Débito,0,2020-03-24,1
T01284,C0841,Visa Crédito,1000000,2021-07-04,1
T01285,C0841,Mastercard Crédito,500000,2023-06-28,0
T01286,C0842,Visa Débito,0,2023-12-19,1
T01287,C0842,Amex Crédito,200000,2021-08-26,1
T01288,C0843,Visa Débito,0,2021-05-02,1
T01289,C0843,Visa Crédito,500000,2019-11-06,0
T01290,C0844,Visa Débito,0,2023-11-17,0
T01291,C0845,Visa Débito,0,2021-07-07,0
T01292,C0845,Visa Crédito,50000,2018-12-25,1
T01293,C0845,Mastercard Crédito,500000,2021-05-10,1
T01294,C0846,Mastercard Crédito,200000,2019-01-27,1
T01295,C0847,Mastercard Crédito,1000000,2023-07-23,1
T01296,C0848,Visa Crédito,1000000,2023-08-08,1
T01297,C0849,Visa Crédito,500000,2019-10-13,1
T01298,C0849,Visa Débito,0,2023-03-29,1
T01299,C0850,Visa Crédito,50000,2018-09-13,1
T01300,C0851,Visa Débito,0,2022-07-06,1
T01301,C0852,Visa Crédito,500000,2023-11-05,1
T01302,C0852,Amex Crédito,1000000,2019-08-11,1
T01303,C0853,Visa Crédito,100000,2023-12-16,1
T01304,C0854,Visa Crédito,200000,2020-08-07,1
T01305,C0854,Visa Crédito,500000,2021-10-22,1
T01306,C0854,Visa Débito,0,2023-05-15,1
T01307,C0855,Visa Débito,0,2023-04-04,0
T01308,C0856,Mastercard Crédito,200000,2021-12-09,0
T01309,C0857,Visa Crédito,50000,2021-06-18,1
T01310,C0857,Visa Crédito,500000,2019-05-24,1
T01311,C0858,Mastercard Crédito,500000,2022-07-29,1
T01312,C0858,Visa Débito,0,2018-12-14,1
T01313,C0859,Mastercard Crédito,200000,2022-05-05,0
T01314,C0860,Visa Crédito,500000,2023-02-13,1
T01315,C0860,Visa Débito,0,2018-12-21,0
T01316,C0861,Visa Débito,0,2018-06-17,0
T01317,C0861,Visa Débito,0,2022-06-08,1
T01318,C0861,Mastercard Crédito,1000000,2018-05-09,1
T01319,C0862,Amex Crédito,1000000,2019-01-04,1
T01320,C0862,Visa Crédito,200000,2018-08-26,1
T01321,C0862,Visa Crédito,1000000,2022-08-01,0
T01322,C0863,Mastercard Crédito,100000,2018-12-21,1
T01323,C0864,Visa Débito,0,2021-06-08,1
T01324,C0864,Mastercard Crédito,500000,2019-10-25,1
T01325,C0865,Visa Crédito,100000,2018-05-10,1
T01326,C0866,Mastercard Crédito,1000000,2018-04-17,1
T01327,C0866,Amex Crédito,50000,2021-03-03,1
T01328,C0867,Visa Débito,0,2019-05-27,1
T01329,C0868,Mastercard Crédito,200000,2023-08-27,1
T01330,C0869,Visa Débito,0,2018-08-22,1
T01331,C0870,Mastercard Crédito,50000,2021-02-09,1
T01332,C0871,Visa Débito,0,2021-06-22,1
T01333,C0871,Visa Crédito,100000,2021-08-03,1
T01334,C0872,Visa Crédito,200000,2022-08-04,1
T01335,C0872,Mastercard Crédito,1000000,2023-01-20,1
T01336,C0873,Visa Débito,0,2023-09-23,1
T01337,C0874,Visa Crédito,100000,2021-05-29,1
T01338,C0875,Visa Crédito,200000,2020-04-20,1
T01339,C0876,Mastercard Crédito,50000,2020-03-03,1
T01340,C0877,Visa Débito,0,2018-10-20,1
T01341,C0877,Visa Crédito,500000,2021-05-26,1
T01342,C0877,Visa Crédito,200000,2020-11-03,1
T01343,C0878,Visa Débito,0,2023-09-20,1
T01344,C0878,Visa Débito,0,2018-08-30,1
T01345,C0879,Mastercard Crédito,100000,2020-02-22,1
T01346,C0880,Amex Crédito,100000,2020-01-24,1
T01347,C0881,Visa Débito,0,2019-08-03,1
T01348,C0882,Visa Crédito,500000,2021-03-03,1
T01349,C0883,Mastercard Crédito,200000,2018-06-19,1
T01350,C0884,Visa Débito,0,2020-01-10,0
T01351,C0884,Amex Crédito,50000,2021-08-18,1
T01352,C0885,Mastercard Crédito,200000,2018-08-19,1
T01353,C0885,Visa Débito,0,2019-08-16,1
T01354,C0886,Visa Crédito,200000,2023-10-31,1
T01355,C0887,Visa Débito,0,2023-05-24,1
T01356,C0888,Mastercard Crédito,200000,2021-05-08,1
T01357,C0889,Visa Débito,0,2018-04-09,1
T01358,C0890,Amex Crédito,500000,2023-11-06,1
T01359,C0890,Mastercard Crédito,200000,2022-07-18,1
T01360,C0891,Mastercard Crédito,1000000,2018-12-12,1
T01361,C0891,Mastercard Crédito,1000000,2020-11-03,1
T01362,C0892,Visa Crédito,50000,2020-09-08,1
T01363,C0893,Mastercard Crédito,100000,2023-06-15,0
T01364,C0893,Mastercard Crédito,100000,2019-06-17,1
T01365,C0893,Mastercard Crédito,50000,2021-02-09,1
T01366,C0894,Visa Crédito,100000,2020-09-22,1
T01367,C0894,Mastercard Crédito,1000000,2019-09-16,1
T01368,C0895,Visa Débito,0,2021-06-20,1
T01369,C0896,Mastercard Crédito,50000,2019-07-08,1
T01370,C0897,Visa Crédito,500000,2023-01-08,1
T01371,C0897,Visa Crédito,50000,2018-04-09,1
T01372,C0898,Visa Débito,0,2021-05-07,1
T01373,C0898,Visa Débito,0,2020-10-01,1
T01374,C0898,Amex Crédito,1000000,2022-09-02,1
T01375,C0899,Visa Crédito,50000,2023-08-18,0
T01376,C0900,Visa Crédito,100000,2023-03-03,1
T01377,C0900,Visa Crédito,100000,2023-06-20,0
T01378,C0901,Visa Débito,0,2020-02-22,1
T01379,C0901,Visa Débito,0,2023-11-14,1
T01380,C0902,Visa Crédito,100000,2023-08-12,1
T01381,C0903,Mastercard Crédito,100000,2023-03-26,1
T01382,C0903,Visa Débito,0,2018-12-27,1
T01383,C0904,Visa Crédito,50000,2018-10-06,0
T01384,C0905,Mastercard Crédito,100000,2023-08-28,1
T01385,C0905,Visa Débito,0,2020-02-02,1
T01386,C0906,Mastercard Crédito,100000,2022-02-07,1
T01387,C0907,Visa Crédito,50000,2019-01-28,1
T01388,C0907,Visa Crédito,50000,2020-11-01,0
T01389,C0908,Visa Crédito,50000,2018-09-07,1
T01390,C0908,Mastercard Crédito,50000,2020-11-28,1
T01391,C0909,Amex Crédito,100000,2021-04-02,1
T01392,C0910,Amex Crédito,100000,2023-12-11,1
T01393,C0911,Visa Crédito,1000000,2022-10-06,1
T01394,C0912,Mastercard Crédito,100000,2021-10-28,1
T01395,C0913,Visa Débito,0,2023-01-12,1
T01396,C0914,Amex Crédito,1000000,2022-07-30,1
T01397,C0915,Amex Crédito,200000,2023-03-21,1
T01398,C0916,Visa Crédito,100000,2021-08-14,1
T01399,C0916,Visa Crédito,1000000,2021-09-19,1
T01400,C0917,Mastercard Crédito,500000,2018-06-09,1
T01401,C0917,Visa Débito,0,2020-06-22,0
T01402,C0918,Visa Crédito,1000000,2021-12-02,1
T01403,C0919,Mastercard Crédito,50000,2022-06-16,1
T01404,C0920,Amex Crédito,50000,2020-03-02,1
T01405,C0921,Mastercard Crédito,100000,2023-02-01,1
T01406,C0922,Visa Débito,0,2018-03-08,1
T01407,C0922,Amex Crédito,200000,2023-06-26,0
T01408,C0923,Mastercard Crédito,50000,2018-09-02,1
T01409,C0924,Visa Crédito,100000,2022-04-06,0
T01410,C0925,Visa Débito,0,2023-08-05,1
T01411,C0925,Visa Débito,0,2023-10-15,1
T01412,C0926,Visa Crédito,500000,2023-07-15,1
T01413,C0926,Amex Crédito,1000000,2023-04-25,1
T01414,C0927,Visa Débito,0,2022-01-19,0
T01415,C0928,Visa Débito,0,2018-03-21,1
T01416,C0929,Mastercard Crédito,50000,2019-02-27,1
T01417,C0930,Visa Débito,0,2021-11-04,1
T01418,C0930,Amex Crédito,50000,2020-01-10,1
T01419,C0931,Amex Crédito,1000000,2023-10-30,1
T01420,C0931,Mastercard Crédito,100000,2019-05-21,1
T01421,C0931,Mastercard Crédito,100000,2021-10-26,1
T01422,C0932,Mastercard Crédito,1000000,2020-12-07,1
T01423,C0933,Visa Débito,0,2020-12-15,1
T01424,C0933,Mastercard Crédito,50000,2018-03-20,1
T01425,C0934,Visa Débito,0,2021-09-01,1
T01426,C0935,Visa Crédito,500000,2020-05-02,1
T01427,C0936,Visa Crédito,50000,2019-04-11,1
T01428,C0937,Amex Crédito,500000,2022-09-11,1
T01429,C0938,Mastercard Crédito,500000,2019-09-27,1
T01430,C0939,Amex Crédito,500000,2021-12-02,1
T01431,C0940,Mastercard Crédito,100000,2022-03-18,1
T01432,C0941,Visa Débito,0,2023-06-18,1
T01433,C0941,Amex Crédito,200000,2020-06-26,0
T01434,C0941,Mastercard Crédito,50000,2020-07-04,1
T01435,C0942,Visa Débito,0,2020-05-10,1
T01436,C0942,Visa Débito,0,2021-06-14,1
T01437,C0943,Visa Débito,0,2021-04-22,1
T01438,C0943,Visa Crédito,1000000,2019-04-21,1
T01439,C0944,Amex Crédito,1000000,2018-11-12,1
T01440,C0944,Visa Débito,0,2023-12-11,1
T01441,C0945,Mastercard Crédito,100000,2019-08-23,1
T01442,C0945,Mastercard Crédito,50000,2020-05-12,1
T01443,C0946,Mastercard Crédito,100000,2022-10-20,1
T01444,C0946,Mastercard Crédito,1000000,2020-04-26,1
T01445,C0947,Visa Crédito,500000,2019-03-22,1
T01446,C0948,Visa Crédito,500000,2019-07-14,1
T01447,C0948,Visa Débito,0,2021-04-14,1
T01448,C0949,Visa Crédito,1000000,2020-04-05,1
T01449,C0949,Visa Débito,0,2020-09-29,1
T01450,C0949,Visa Débito,0,2021-05-14,1
T01451,C0950,Visa Crédito,100000,2021-12-01,1
T01452,C0951,Mastercard Crédito,50000,2023-02-13,1
T01453,C0951,Amex Crédito,100000,2021-04-24,1
T01454,C0952,Mastercard Crédito,100000,2020-04-22,1
T01455,C0953,Visa Crédito,1000000,2019-10-07,1
T01456,C0954,Visa Débito,0,2022-07-06,1
T01457,C0955,Visa Crédito,500000,2022-07-07,1
T01458,C0955,Visa Débito,0,2018-04-16,1
T01459,C0956,Mastercard Crédito,1000000,2022-12-28,1
T01460,C0957,Visa Débito,0,2020-06-25,1
T01461,C0957,Visa Crédito,100000,2019-04-08,1
T01462,C0958,Mastercard Crédito,200000,2021-08-19,1
T01463,C0958,Visa Débito,0,2023-10-08,1
T01464,C0958,Visa Crédito,200000,2018-05-26,1
T01465,C0959,Visa Débito,0,2018-09-02,1
T01466,C0960,Amex Crédito,1000000,2023-04-20,1
T01467,C0961,Visa Débito,0,2021-05-25,1
T01468,C0961,Amex Crédito,200000,2020-10-02,1
T01469,C0962,Visa Débito,0,2019-04-08,1
T01470,C0963,Visa Débito,0,2018-11-13,1
T01471,C0963,Mastercard Crédito,100000,2022-09-12,1
T01472,C0964,Visa Débito,0,2018-04-17,1
T01473,C0964,Visa Débito,0,2021-07-04,1
T01474,C0965,Amex Crédito,500000,2019-01-20,1
T01475,C0966,Mastercard Crédito,50000,2023-11-05,0
T01476,C0967,Visa Crédito,100000,2019-06-02,1
T01477,C0968,Visa Débito,0,2023-06-19,1
T01478,C0969,Mastercard Crédito,100000,2018-09-16,1
T01479,C0969,Mastercard Crédito,100000,2021-07-20,1
T01480,C0970,Visa Débito,0,2019-11-25,1
T01481,C0970,Mastercard Crédito,50000,2020-09-09,1
T01482,C0970,Amex Crédito,1000000,2020-02-17,1
T01483,C0971,Amex Crédito,500000,2019-09-18,1
T01484,C0971,Mastercard Crédito,100000,2020-03-12,1
T01485,C0971,Visa Débito,0,2018-09-12,1
T01486,C0972,Visa Débito,0,2021-09-19,1
T01487,C0972,Visa Crédito,100000,2020-12-26,1
T01488,C0973,Mastercard Crédito,100000,2022-03-20,1
T01489,C0974,Visa Débito,0,2019-02-18,1
T01490,C0974,Mastercard Crédito,500000,2019-10-23,1
T01491,C0975,Visa Crédito,200000,2018-12-22,1
T01492,C0976,Mastercard Crédito,50000,2020-03-20,1
T01493,C0977,Mastercard Crédito,50000,2021-09-01,0
T01494,C0978,Visa Crédito,200000,2020-12-30,1
T01495,C0978,Mastercard Crédito,1000000,2023-09-27,1
T01496,C0978,Amex Crédito,1000000,2022-10-17,1
T01497,C0979,Mastercard Crédito,50000,2022-04-19,1
T01498,C0980,Visa Crédito,1000000,2020-10-12,1
T01499,C0981,Visa Crédito,1000000,2020-02-12,1
T01500,C0982,Visa Débito,0,2019-12-18,1
T01501,C0982,Visa Crédito,50000,2021-10-18,1
T01502,C0982,Visa Débito,0,2023-08-21,1
T01503,C0983,Amex Crédito,500000,2019-06-02,1
T01504,C0983,Visa Débito,0,2023-08-15,1
T01505,C0984,Visa Crédito,50000,2022-01-21,1
T01506,C0985,Visa Débito,0,2023-09-04,0
T01507,C0986,Mastercard Crédito,200000,2021-02-09,1
T01508,C0986,Visa Crédito,50000,2019-03-04,1
T01509,C0987,Mastercard Crédito,1000000,2022-06-14,1
T01510,C0988,Visa Débito,0,2020-02-09,1
T01511,C0988,Mastercard Crédito,1000000,2021-06-04,1
T01512,C0988,Mastercard Crédito,50000,2019-09-30,1
T01513,C0989,Visa Débito,0,2019-10-24,1
T01514,C0989,Visa Débito,0,2023-03-21,1
T01515,C0989,Visa Crédito,1000000,2018-10-20,1
T01516,C0990,Visa Débito,0,2022-10-17,1
T01517,C0990,Visa Débito,0,2020-03-16,1
T01518,C0991,Visa Crédito,50000,2023-08-03,1
T01519,C0991,Visa Débito,0,2022-06-15,0
T01520,C0992,Mastercard Crédito,100000,2019-08-13,1
T01521,C0993,Visa Crédito,500000,2021-06-12,1
T01522,C0993,Visa Débito,0,2019-06-29,1
T01523,C0993,Amex Crédito,50000,2019-09-30,1
T01524,C0994,Mastercard Crédito,100000,2018-02-02,1
T01525,C0995,Visa Crédito,50000,2022-09-28,1
T01526,C0995,Mastercard Crédito,1000000,2019-08-04,1
T01527,C0995,Mastercard Crédito,100000,2022-01-10,1
T01528,C0996,Visa Débito,0,2019-01-02,1
T01529,C0996,Visa Débito,0,2021-01-23,1
T01530,C0997,Visa Débito,0,2023-03-03,1
T01531,C0997,Mastercard Crédito,200000,2019-01-26,1
T01532,C0998,Visa Débito,0,2021-07-06,1
T01533,C0999,Visa Débito,0,2019-01-18,1
T01534,C1000,Visa Crédito,50000,2023-08-20,1
